<?xml version="1.0" encoding="UTF-8"?>
<con:tc-config xmlns:con="http://www.terracotta.org/config">
  <servers>
    <server host="%i" name="localhost">
      <dso-port>9510</dso-port>
      <jmx-port>9520</jmx-port>
      <data>terracotta/server-data</data>
      <logs>terracotta/server-logs</logs>
    </server>
  </servers>
  <clients>
    <logs>terracotta/client-logs</logs>
  </clients>
  <application>
    <dso>
      <instrumented-classes>
        <include>
          <class-expression>tc.qa.Spawn</class-expression>
        </include>
      </instrumented-classes>
      <roots>
        <root>
          <field-name>tc.qa.Spawn.map</field-name>
        </root>
      </roots>
      <locks>
        <autolock>
          <method-expression>void tc.qa.Spawn.run()</method-expression>
          <lock-level>write</lock-level>
        </autolock>
      </locks>
    </dso>
  </application>
</con:tc-config>