<?xml version="1.0" encoding="UTF-8"?>
<tc:tc-config xmlns:tc="http://www.terracotta.org/config"
	xmlns:xsi="http://www.w3.org/2001/XMLSchema-instance"
	xsi:schemaLocation="http://www.terracotta.org/schema/terracotta-4.xsd">
	<clients>
		<logs>client-logs</logs>
	</clients>
	<application>
		<dso>
			<instrumented-classes>
				<include>
					<class-expression>App</class-expression>
				</include>
				<include>
					<class-expression>ObjectWithFields</class-expression>
				</include>
			</instrumented-classes>
			<roots>
				<root>
					<field-name>App.object</field-name>
				</root>
			</roots>
		</dso>
	</application>
</tc:tc-config>
