<Server port="9902" shutdown="SHUTDOWN" debug="1">

  <Service name="Catalina" debug="1">

    <Connector port="16199"
        maxThreads="150" minSpareThreads="25" maxSpareThreads="75"
        enableLookups="false" redirectPort="8443" acceptCount="100"
        connectionTimeout="20000" disableUploadTimeout="true"
        scheme="http" secure="false"
        debug="1"/>

    <Engine name="Catalina" defaultHost="localhost" 
        debug="1" jvmRoute="server_1">

      <Realm className="org.apache.catalina.realm.MemoryRealm" />

      <!-- Note: There seems to be a bug in Tomcat 5.x if the debug attribute 
           is present. Ideally we would have written:
               debug="1"
           However, doing this result in a NullPointerException in 
           ExpandWar.java at line 145. -->
      <Host name="localhost" appBase="webapps" unpackWARs="true"
          autoDeploy="true" xmlValidation="false" xmlNamespaceAware="false">

        <!-- Contexts to explicitely point to where the wars are located -->
         <Context path="/contextb" docBase="/export1/cruise/forge/checkout/tim-tomcat/trunk/tim-tomcat-system-tests/target/temp/AppGroupTest/sandbox/war/contextb.war" debug="1">
 
</Context>

        <Valve className="org.apache.catalina.valves.AccessLogValve"
            directory="logs" prefix="localhost_access_log." suffix=".txt"
            pattern="common" resolveHosts="false"/>
          
      </Host>

    </Engine>

  </Service>

</Server>
