<?xml version="1.0" encoding="UTF-8"?>
<!--

  All content copyright (c) 2003-2008 Terracotta, Inc.,
  except as may otherwise be noted in a separate copyright notice.
  All rights reserved

-->
<tc:tc-config xmlns:tc="http://www.terracotta.org/config"
  xmlns:xsi="http://www.w3.org/2001/XMLSchema-instance"
  xsi:schemaLocation="http://www.terracotta.org/config ..\..\..\common\src.resources\com\tc\config\schema\terracotta-4.xsd">

  <system>
    <configuration-model>development</configuration-model>
  </system>

  <clients>
    <logs>terracotta/client-logs</logs>
    <dso>
      <debugging>
        <runtime-logging>
          <non-portable-dump>true</non-portable-dump>
        </runtime-logging>
      </debugging>
    </dso>
  </clients>

  <servers>
    <server name="localhost" />
  </servers>

  <application>
    <dso>
<!--  This test does not require any session sharing
      <web-applications>
      </web-applications>
 -->
    </dso>
  </application>

</tc:tc-config>
