<?xml version="1.0" encoding="UTF-8"?>
<tc:tc-config xmlns:tc="http://www.terracotta.org/config">
  <servers>
    <!--Tell DSO where the Terracotta server can be found.-->
    <server host="localhost" name="TCSerializationBugServer">
      <data>Z:\junk\target\terracotta-data\logs\server-data</data>
      <logs>Z:\junk\target\terracotta-data\logs\server-logs</logs>
    </server>
  </servers>
  <clients>
    <logs>Z:\junk\target\terracotta-data\logs\client-logs</logs>
    <statistics>Z:\junk\target\terracotta-data\logs\clients-statistics</statistics>
    <dso>
      <debugging>
        <runtime-logging>
          <non-portable-dump>false</non-portable-dump>
          <lock-debug>false</lock-debug>
          <wait-notify-debug>false</wait-notify-debug>
          <distributed-method-debug>false</distributed-method-debug>
          <new-object-debug>false</new-object-debug>
        </runtime-logging>
      </debugging>
    </dso>
  </clients>
  <application>
    <dso>
      <instrumented-classes>
        <include>
          <class-expression>com.terracottatest.DataTypes$1</class-expression>
        </include>
        <include>
          <class-expression>com.terracottatest.DataTypes</class-expression>
        </include>
      </instrumented-classes>
    </dso>
  </application>
</tc:tc-config>