<?xml version="1.0" encoding="UTF-8"?>
<tc:tc-config xmlns:tc="http://www.terracotta.org/config"
              xmlns:xsi="http://www.w3.org/2001/XMLSchema-instance"
              xsi:schemaLocation="http://www.terracotta.org/config
                http://www.terracotta.org/schema/terracotta-4.xsd">

  <system>
    <configuration-model>production</configuration-model>
  </system>

  <servers>
    <server name="main" host="%i">
    </server>   
  </servers>

  <clients>
    <modules>
      <module name="tim-annotations" version="1.5.2"/>
      <module name="tim-tomcat-6.0" version="2.1.3"/>      
    </modules>    
  </clients>

</tc:tc-config>
