<?xml version="1.0" encoding="UTF-8"?>
<con:tc-config xmlns:con="http://www.terracotta.org/config">


  <servers>
    <server host="%i" name="example">
    
      <dso-port>9510</dso-port>
      <jmx-port>9520</jmx-port>
      
      <data>terracotta/example-server-data</data>
      <logs>terracotta/example-server-logs</logs>
      <statistics>terracotta/example-cluster-statistics</statistics>
      
    </server>
  </servers>

  <clients>
    <logs>terracotta/client-logs</logs>
    <statistics>terracotta/client-statistics/%D</statistics>
    
    <modules>      
	  <module name="tim-tomcat-6.0"/>
	</modules>	
  </clients>
  
  <application>
  
    <dso>
            
      <web-applications>
		<web-application>listener-example</web-application>
	  </web-applications>
        
      <app-groups>
	  
        <app-group name="example">
		  <web-application>listener-example</web-application>
          <named-classloader>Standard.system</named-classloader>
        </app-group>
      </app-groups>
            
    </dso>
  </application>
</con:tc-config>