<?xml version="1.0" encoding="UTF-8"?>
<beans xmlns="http://www.springframework.org/schema/beans"
       xmlns:xsi="http://www.w3.org/2001/XMLSchema-instance"
       xmlns:ehcache="http://www.springmodules.org/schema/ehcache" 
       xsi:schemaLocation="http://www.springframework.org/schema/beans http://www.springframework.org/schema/beans/spring-beans-2.0.xsd	
       						http://www.springmodules.org/schema/ehcache http://www.springmodules.org/schema/cache/springmodules-ehcache.xsd">

  <bean id="slowSquarer" class="caching.SlowSquarer" />

  <bean id="main" class="caching.Main">
  	<!-- <property name="squarer" ref="slowSquarer"/>  -->
  	<property name="squarer" ref="cachedSquarer"/>
  </bean>
  
  <ehcache:config configLocation="classpath:/ehcache.xml"/>
  
  <ehcache:proxy id="cachedSquarer" refId="slowSquarer">
  	<ehcache:caching methodName="square" cacheName="squarerCache"/>
  </ehcache:proxy>

</beans>