<?xml version="1.0" encoding="UTF-8"?><InteractionHistory Id="https://jira.terracotta.org/jira-16791" Version="1"><InteractionEvent Delta="null" EndDate="2007-07-06 23:28:10.799 PDT" Interest="-1.4790001" Kind="manipulation" Navigation="null" OriginId="org.eclipse.mylyn.core.model.interest.decay" StartDate="2007-07-06 23:28:10.799 PDT" StructureHandle="=dso-common/src&amp;lt;com.tc.util{NonPortableReason.java[NonPortableReason~constructDetailedReason" StructureKind="java"/><InteractionEvent Delta="null" EndDate="2007-07-06 23:16:27.140 PDT" Interest="2.0" Kind="selection" Navigation="null" OriginId="org.eclipse.jdt.ui.CompilationUnitEditor" StartDate="2007-07-06 23:15:09.365 PDT" StructureHandle="=dso-common/src&amp;lt;com.tc.util{NonPortableReason.java[NonPortableReason~constructDetailedReason" StructureKind="java"/><InteractionEvent Delta="null" EndDate="2007-07-06 23:16:55.495 PDT" Interest="41.0" Kind="edit" Navigation="null" OriginId="org.eclipse.jdt.ui.CompilationUnitEditor" StartDate="2007-07-06 23:15:15.199 PDT" StructureHandle="=dso-common/src&amp;lt;com.tc.util{NonPortableReason.java[NonPortableReason~constructDetailedReason" StructureKind="java"/><InteractionEvent Delta="null" EndDate="2007-07-06 23:28:10.799 PDT" Interest="-2.7710001" Kind="manipulation" Navigation="null" OriginId="org.eclipse.mylyn.core.model.interest.decay" StartDate="2007-07-06 23:28:10.799 PDT" StructureHandle="=dso-common/src&amp;lt;com.tc.object.appevent{NonPortableEventContextFactory.java[NonPortableEventContextFactory~createNonPortableRootContext~QString;~QObject;" StructureKind="java"/><InteractionEvent Delta="null" EndDate="2007-07-06 23:00:50.28 PDT" Interest="3.0" Kind="selection" Navigation="null" OriginId="org.eclipse.jdt.ui.CompilationUnitEditor" StartDate="2007-07-06 22:59:32.321 PDT" StructureHandle="=dso-common/src&amp;lt;com.tc.object.appevent{NonPortableEventContextFactory.java[NonPortableEventContextFactory~createNonPortableRootContext~QString;~QObject;" StructureKind="java"/><InteractionEvent Delta="null" EndDate="2007-07-06 23:28:10.799 PDT" Interest="-5.4400005" Kind="manipulation" Navigation="null" OriginId="org.eclipse.mylyn.core.model.interest.decay" StartDate="2007-07-06 23:28:10.799 PDT" StructureHandle="=dso-common/src&amp;lt;com.tc.util" StructureKind="java"/><InteractionEvent Delta="null" EndDate="2007-07-06 23:21:55.355 PDT" Interest="6.083" Kind="manipulation" Navigation="null" OriginId="org.eclipse.mylyn.core.model.interest.decay.correction" StartDate="2007-07-06 22:15:39.606 PDT" StructureHandle="=dso-common/src&amp;lt;com.tc.util" StructureKind="java"/><InteractionEvent Delta="null" EndDate="2007-07-06 23:27:16.976 PDT" Interest="190.02989" Kind="propagation" Navigation="org.eclipse.mylyn.core.model.edges.containment" OriginId="org.eclipse.mylyn.core.model.interest.propagation" StartDate="2007-07-06 22:15:39.593 PDT" StructureHandle="=dso-common/src&amp;lt;com.tc.util" StructureKind="java"/><InteractionEvent Delta="null" EndDate="2007-07-06 23:28:10.799 PDT" Interest="-5.5080004" Kind="manipulation" Navigation="null" OriginId="org.eclipse.mylyn.core.model.interest.decay" StartDate="2007-07-06 23:28:10.799 PDT" StructureHandle="" StructureKind="java"/><InteractionEvent Delta="null" EndDate="2007-07-06 23:17:09.331 PDT" Interest="6.032" Kind="manipulation" Navigation="null" OriginId="org.eclipse.mylyn.core.model.interest.decay.correction" StartDate="2007-07-06 22:14:46.408 PDT" StructureHandle="" StructureKind="java"/><InteractionEvent Delta="null" EndDate="2007-07-06 23:27:16.976 PDT" Interest="338.25662" Kind="propagation" Navigation="org.eclipse.mylyn.core.model.edges.containment" OriginId="org.eclipse.mylyn.core.model.interest.propagation" StartDate="2007-07-06 22:14:46.390 PDT" StructureHandle="" StructureKind="java"/><InteractionEvent Delta="null" EndDate="2007-07-06 23:28:10.799 PDT" Interest="-5.5080004" Kind="manipulation" Navigation="null" OriginId="org.eclipse.mylyn.core.model.interest.decay" StartDate="2007-07-06 23:28:10.799 PDT" StructureHandle="=dso-l1" StructureKind="java"/><InteractionEvent Delta="null" EndDate="2007-07-06 22:51:55.288 PDT" Interest="2.989" Kind="manipulation" Navigation="null" OriginId="org.eclipse.mylyn.core.model.interest.decay.correction" StartDate="2007-07-06 22:14:46.408 PDT" StructureHandle="=dso-l1" StructureKind="java"/><InteractionEvent Delta="null" EndDate="2007-07-06 22:55:03.121 PDT" Interest="35.428993" Kind="propagation" Navigation="org.eclipse.mylyn.core.model.edges.containment" OriginId="org.eclipse.mylyn.core.model.interest.propagation" StartDate="2007-07-06 22:14:46.390 PDT" StructureHandle="=dso-l1" StructureKind="java"/><InteractionEvent Delta="null" EndDate="2007-07-06 23:28:10.799 PDT" Interest="-3.604" Kind="manipulation" Navigation="null" OriginId="org.eclipse.mylyn.core.model.interest.decay" StartDate="2007-07-06 23:28:10.799 PDT" StructureHandle="=ui-eclipse/src&amp;lt;org.terracotta.dso.dialogs{NonPortableObjectDialog.java" StructureKind="java"/><InteractionEvent Delta="null" EndDate="2007-07-06 23:22:05.705 PDT" Interest="4.0" Kind="prediction" Navigation="null" OriginId="org.eclipse.mylyn.ide.resource.interest.updater" StartDate="2007-07-06 22:51:30.120 PDT" StructureHandle="=ui-eclipse/src&amp;lt;org.terracotta.dso.dialogs{NonPortableObjectDialog.java" StructureKind="java"/><InteractionEvent Delta="null" EndDate="2007-07-06 23:28:10.799 PDT" Interest="-5.2190003" Kind="manipulation" Navigation="null" OriginId="org.eclipse.mylyn.core.model.interest.decay" StartDate="2007-07-06 23:28:10.799 PDT" StructureHandle="=dso-l1/src&amp;lt;com.tc.object{ClientObjectManagerImpl.java[ClientObjectManagerImpl~checkPortabilityOf~QObject;" StructureKind="java"/><InteractionEvent Delta="null" EndDate="2007-07-06 22:51:55.312 PDT" Interest="5.0" Kind="selection" Navigation="null" OriginId="org.eclipse.jdt.ui.CompilationUnitEditor" StartDate="2007-07-06 22:19:07.214 PDT" StructureHandle="=dso-l1/src&amp;lt;com.tc.object{ClientObjectManagerImpl.java[ClientObjectManagerImpl~checkPortabilityOf~QObject;" StructureKind="java"/><InteractionEvent Delta="null" EndDate="2007-07-06 23:28:10.799 PDT" Interest="-3.0260003" Kind="manipulation" Navigation="null" OriginId="org.eclipse.mylyn.core.model.interest.decay" StartDate="2007-07-06 23:28:10.799 PDT" StructureHandle="=dso-common/src&amp;lt;com.tc.object.appevent{NonPortableEventContextFactory.java" StructureKind="java"/><InteractionEvent Delta="null" EndDate="2007-07-06 23:04:17.668 PDT" Interest="8.0" Kind="selection" Navigation="null" OriginId="org.eclipse.jdt.ui.CompilationUnitEditor" StartDate="2007-07-06 22:55:09.815 PDT" StructureHandle="=dso-common/src&amp;lt;com.tc.object.appevent{NonPortableEventContextFactory.java" StructureKind="java"/><InteractionEvent Delta="null" EndDate="2007-07-06 23:04:17.683 PDT" Interest="11.948999" Kind="propagation" Navigation="org.eclipse.mylyn.core.model.edges.containment" OriginId="org.eclipse.mylyn.core.model.interest.propagation" StartDate="2007-07-06 22:55:10.341 PDT" StructureHandle="=dso-common/src&amp;lt;com.tc.object.appevent{NonPortableEventContextFactory.java" StructureKind="java"/><InteractionEvent Delta="null" EndDate="2007-07-06 23:28:10.799 PDT" Interest="-3.0260003" Kind="manipulation" Navigation="null" OriginId="org.eclipse.mylyn.core.model.interest.decay" StartDate="2007-07-06 23:28:10.799 PDT" StructureHandle="=dso-common/src&amp;lt;com.tc.object.appevent" StructureKind="java"/><InteractionEvent Delta="null" EndDate="2007-07-06 22:55:09.826 PDT" Interest="1.017" Kind="manipulation" Navigation="null" OriginId="org.eclipse.mylyn.core.model.interest.decay.correction" StartDate="2007-07-06 22:55:09.826 PDT" StructureHandle="=dso-common/src&amp;lt;com.tc.object.appevent" StructureKind="java"/><InteractionEvent Delta="null" EndDate="2007-07-06 23:04:17.683 PDT" Interest="40.42801" Kind="propagation" Navigation="org.eclipse.mylyn.core.model.edges.containment" OriginId="org.eclipse.mylyn.core.model.interest.propagation" StartDate="2007-07-06 22:55:09.815 PDT" StructureHandle="=dso-common/src&amp;lt;com.tc.object.appevent" StructureKind="java"/><InteractionEvent Delta="null" EndDate="2007-07-06 23:28:10.799 PDT" Interest="-5.4570003" Kind="manipulation" Navigation="null" OriginId="org.eclipse.mylyn.core.model.interest.decay" StartDate="2007-07-06 23:28:10.799 PDT" StructureHandle="=dso-l1/src&amp;lt;com.tc.object{ClientObjectManagerImpl.java[ClientObjectManagerImpl~throwNonPortableException~QObject;~QNonPortableReason;~QNonPortableEventContext;~QString;" StructureKind="java"/><InteractionEvent Delta="null" EndDate="2007-07-06 22:55:03.121 PDT" Interest="4.0" Kind="selection" Navigation="null" OriginId="org.eclipse.jdt.ui.CompilationUnitEditor" StartDate="2007-07-06 22:15:03.323 PDT" StructureHandle="=dso-l1/src&amp;lt;com.tc.object{ClientObjectManagerImpl.java[ClientObjectManagerImpl~throwNonPortableException~QObject;~QNonPortableReason;~QNonPortableEventContext;~QString;" StructureKind="java"/><InteractionEvent Delta="null" EndDate="2007-07-06 22:52:22.141 PDT" Interest="1.0" Kind="edit" Navigation="null" OriginId="org.eclipse.jdt.ui.CompilationUnitEditor" StartDate="2007-07-06 22:52:22.141 PDT" StructureHandle="=dso-l1/src&amp;lt;com.tc.object{ClientObjectManagerImpl.java[ClientObjectManagerImpl~throwNonPortableException~QObject;~QNonPortableReason;~QNonPortableEventContext;~QString;" StructureKind="java"/><InteractionEvent Delta="null" EndDate="2007-07-06 23:28:10.799 PDT" Interest="-5.4400005" Kind="manipulation" Navigation="null" OriginId="org.eclipse.mylyn.core.model.interest.decay" StartDate="2007-07-06 23:28:10.799 PDT" StructureHandle="=dso-common/src&amp;lt;com.tc.util{NonPortableReason.java" StructureKind="java"/><InteractionEvent Delta="null" EndDate="2007-07-06 23:22:36.930 PDT" Interest="22.0" Kind="selection" Navigation="null" OriginId="org.eclipse.jdt.ui.CompilationUnitEditor" StartDate="2007-07-06 22:15:39.592 PDT" StructureHandle="=dso-common/src&amp;lt;com.tc.util{NonPortableReason.java" StructureKind="java"/><InteractionEvent Delta="null" EndDate="2007-07-06 23:27:16.976 PDT" Interest="163.18791" Kind="propagation" Navigation="org.eclipse.mylyn.core.model.edges.containment" OriginId="org.eclipse.mylyn.core.model.interest.propagation" StartDate="2007-07-06 22:15:40.184 PDT" StructureHandle="=dso-common/src&amp;lt;com.tc.util{NonPortableReason.java" StructureKind="java"/><InteractionEvent Delta="null" EndDate="2007-07-06 23:28:10.799 PDT" Interest="-4.675" Kind="manipulation" Navigation="null" OriginId="org.eclipse.mylyn.core.model.interest.decay" StartDate="2007-07-06 23:28:10.799 PDT" StructureHandle="=dso-common/src&amp;lt;com.tc.text{ConsoleNonPortableReasonFormatter.java[ConsoleNonPortableReasonFormatter" StructureKind="java"/><InteractionEvent Delta="null" EndDate="2007-07-06 22:48:19.971 PDT" Interest="3.0" Kind="selection" Navigation="null" OriginId="org.eclipse.jdt.ui.CompilationUnitEditor" StartDate="2007-07-06 22:23:42.780 PDT" StructureHandle="=dso-common/src&amp;lt;com.tc.text{ConsoleNonPortableReasonFormatter.java[ConsoleNonPortableReasonFormatter" StructureKind="java"/><InteractionEvent Delta="null" EndDate="2007-07-06 23:28:10.799 PDT" Interest="-0.17000002" Kind="manipulation" Navigation="null" OriginId="org.eclipse.mylyn.core.model.interest.decay" StartDate="2007-07-06 23:28:10.799 PDT" StructureHandle="=dso-common/src&amp;lt;com.tc.util{NonPortableReason.java[NonPortableReason^reason" StructureKind="java"/><InteractionEvent Delta="null" EndDate="2007-07-06 23:22:50.13 PDT" Interest="1.0" Kind="selection" Navigation="null" OriginId="org.eclipse.jdt.ui.CompilationUnitEditor" StartDate="2007-07-06 23:22:50.13 PDT" StructureHandle="=dso-common/src&amp;lt;com.tc.util{NonPortableReason.java[NonPortableReason^reason" StructureKind="java"/><InteractionEvent Delta="null" EndDate="2007-07-06 23:23:25.649 PDT" Interest="2.0" Kind="edit" Navigation="null" OriginId="org.eclipse.jdt.ui.CompilationUnitEditor" StartDate="2007-07-06 23:22:59.823 PDT" StructureHandle="=dso-common/src&amp;lt;com.tc.util{NonPortableReason.java[NonPortableReason^reason" StructureKind="java"/><InteractionEvent Delta="null" EndDate="2007-07-06 23:28:10.799 PDT" Interest="-2.992" Kind="manipulation" Navigation="null" OriginId="org.eclipse.mylyn.core.model.interest.decay" StartDate="2007-07-06 23:28:10.799 PDT" StructureHandle="=dso-common/src&amp;lt;com.tc.object.appevent{NonPortableEventContextFactory.java[NonPortableEventContextFactory~createNonPortableLogicalInvokeContext~QObject;~QString;~\[QObject;~I" StructureKind="java"/><InteractionEvent Delta="null" EndDate="2007-07-06 22:55:58.963 PDT" Interest="3.0" Kind="selection" Navigation="null" OriginId="org.eclipse.jdt.ui.CompilationUnitEditor" StartDate="2007-07-06 22:55:10.341 PDT" StructureHandle="=dso-common/src&amp;lt;com.tc.object.appevent{NonPortableEventContextFactory.java[NonPortableEventContextFactory~createNonPortableLogicalInvokeContext~QObject;~QString;~\[QObject;~I" StructureKind="java"/><InteractionEvent Delta="null" EndDate="2007-07-06 23:28:10.799 PDT" Interest="-1.5130001" Kind="manipulation" Navigation="null" OriginId="org.eclipse.mylyn.core.model.interest.decay" StartDate="2007-07-06 23:28:10.799 PDT" StructureHandle="=dso-common/src&amp;lt;com.tc.util{NonPortableReason.java[NonPortableReason~addActionableDetail~QString;~QString;" StructureKind="java"/><InteractionEvent Delta="null" EndDate="2007-07-06 23:11:47.629 PDT" Interest="1.0" Kind="selection" Navigation="null" OriginId="org.eclipse.jdt.ui.CompilationUnitEditor" StartDate="2007-07-06 23:11:47.629 PDT" StructureHandle="=dso-common/src&amp;lt;com.tc.util{NonPortableReason.java[NonPortableReason~addActionableDetail~QString;~QString;" StructureKind="java"/><InteractionEvent Delta="null" EndDate="2007-07-06 23:28:10.799 PDT" Interest="-0.86700004" Kind="manipulation" Navigation="null" OriginId="org.eclipse.mylyn.core.model.interest.decay" StartDate="2007-07-06 23:28:10.799 PDT" StructureHandle="=dso-common/src&amp;lt;com.tc.util{NonPortableReason.java[NonPortableReason~getUltimateNonPortableFieldName" StructureKind="java"/><InteractionEvent Delta="null" EndDate="2007-07-06 23:16:17.487 PDT" Interest="1.0" Kind="selection" Navigation="null" OriginId="org.eclipse.jdt.ui.CompilationUnitEditor" StartDate="2007-07-06 23:16:17.487 PDT" StructureHandle="=dso-common/src&amp;lt;com.tc.util{NonPortableReason.java[NonPortableReason~getUltimateNonPortableFieldName" StructureKind="java"/><InteractionEvent Delta="null" EndDate="2007-07-06 23:28:10.799 PDT" Interest="-5.4400005" Kind="manipulation" Navigation="null" OriginId="org.eclipse.mylyn.core.model.interest.decay" StartDate="2007-07-06 23:28:10.799 PDT" StructureHandle="=dso-common" StructureKind="java"/><InteractionEvent Delta="null" EndDate="2007-07-06 23:19:22.513 PDT" Interest="6.032" Kind="manipulation" Navigation="null" OriginId="org.eclipse.mylyn.core.model.interest.decay.correction" StartDate="2007-07-06 22:15:39.606 PDT" StructureHandle="=dso-common" StructureKind="java"/><InteractionEvent Delta="null" EndDate="2007-07-06 23:27:16.976 PDT" Interest="291.59094" Kind="propagation" Navigation="org.eclipse.mylyn.core.model.edges.containment" OriginId="org.eclipse.mylyn.core.model.interest.propagation" StartDate="2007-07-06 22:15:39.593 PDT" StructureHandle="=dso-common" StructureKind="java"/><InteractionEvent Delta="null" EndDate="2007-07-06 23:28:10.799 PDT" Interest="-4.352" Kind="manipulation" Navigation="null" OriginId="org.eclipse.mylyn.core.model.interest.decay" StartDate="2007-07-06 23:28:10.799 PDT" StructureHandle="=dso-common/src&amp;lt;com.tc.util{NonPortableReason.java[NonPortableReason^dbootJarClasses" StructureKind="java"/><InteractionEvent Delta="null" EndDate="2007-07-06 23:25:45.126 PDT" Interest="4.0" Kind="selection" Navigation="null" OriginId="org.eclipse.jdt.ui.CompilationUnitEditor" StartDate="2007-07-06 22:35:27.947 PDT" StructureHandle="=dso-common/src&amp;lt;com.tc.util{NonPortableReason.java[NonPortableReason^dbootJarClasses" StructureKind="java"/><InteractionEvent Delta="null" EndDate="2007-07-06 23:23:26.240 PDT" Interest="2.216" Kind="manipulation" Navigation="null" OriginId="org.eclipse.mylyn.core.model.interest.decay.correction" StartDate="2007-07-06 23:23:26.240 PDT" StructureHandle="=dso-common/src&amp;lt;com.tc.util{NonPortableReason.java[NonPortableReason^bootJarClasses" StructureKind="java"/><InteractionEvent Delta="null" EndDate="2007-07-06 23:28:10.799 PDT" Interest="-5.372" Kind="manipulation" Navigation="null" OriginId="org.eclipse.mylyn.core.model.interest.decay" StartDate="2007-07-06 23:28:10.799 PDT" StructureHandle="=dso-common/src&amp;lt;com.tc.util{NonPortableReason.java[NonPortableReason~addDetail~QString;~QString;" StructureKind="java"/><InteractionEvent Delta="null" EndDate="2007-07-06 23:11:39.862 PDT" Interest="7.0" Kind="selection" Navigation="null" OriginId="org.eclipse.jdt.ui.CompilationUnitEditor" StartDate="2007-07-06 22:17:16.454 PDT" StructureHandle="=dso-common/src&amp;lt;com.tc.util{NonPortableReason.java[NonPortableReason~addDetail~QString;~QString;" StructureKind="java"/><InteractionEvent Delta="null" EndDate="2007-07-06 23:11:23.691 PDT" Interest="9.0" Kind="edit" Navigation="null" OriginId="org.eclipse.jdt.ui.CompilationUnitEditor" StartDate="2007-07-06 22:17:33.638 PDT" StructureHandle="=dso-common/src&amp;lt;com.tc.util{NonPortableReason.java[NonPortableReason~addDetail~QString;~QString;" StructureKind="java"/><InteractionEvent Delta="null" EndDate="2007-07-06 23:28:10.799 PDT" Interest="-3.0770001" Kind="manipulation" Navigation="null" OriginId="org.eclipse.mylyn.core.model.interest.decay" StartDate="2007-07-06 23:28:10.799 PDT" StructureHandle="=dso-common/src&amp;lt;com.tc.util{NonPortableReason.java[NonPortableReason~addErroneousSuperClass~QClass;" StructureKind="java"/><InteractionEvent Delta="null" EndDate="2007-07-06 23:09:12.566 PDT" Interest="2.0" Kind="selection" Navigation="null" OriginId="org.eclipse.jdt.ui.CompilationUnitEditor" StartDate="2007-07-06 22:53:55.859 PDT" StructureHandle="=dso-common/src&amp;lt;com.tc.util{NonPortableReason.java[NonPortableReason~addErroneousSuperClass~QClass;" StructureKind="java"/><InteractionEvent Delta="null" EndDate="2007-07-06 23:28:10.799 PDT" Interest="-0.88400006" Kind="manipulation" Navigation="null" OriginId="org.eclipse.mylyn.core.model.interest.decay" StartDate="2007-07-06 23:28:10.799 PDT" StructureHandle="=dso-common/src&amp;lt;com.tc.util{NonPortableReason.java[NonPortableReason~setUltimateNonPortableFieldName~QString;" StructureKind="java"/><InteractionEvent Delta="null" EndDate="2007-07-06 23:16:13.391 PDT" Interest="1.0" Kind="selection" Navigation="null" OriginId="org.eclipse.jdt.ui.CompilationUnitEditor" StartDate="2007-07-06 23:16:13.391 PDT" StructureHandle="=dso-common/src&amp;lt;com.tc.util{NonPortableReason.java[NonPortableReason~setUltimateNonPortableFieldName~QString;" StructureKind="java"/><InteractionEvent Delta="null" EndDate="2007-07-06 23:28:10.799 PDT" Interest="-0.901" Kind="manipulation" Navigation="null" OriginId="org.eclipse.mylyn.core.model.interest.decay" StartDate="2007-07-06 23:28:10.799 PDT" StructureHandle="=dso-common/src&amp;lt;com.tc.util{NonPortableReason.java[NonPortableReason~hasUltimateNonPortableFieldName" StructureKind="java"/><InteractionEvent Delta="null" EndDate="2007-07-06 23:16:10.903 PDT" Interest="1.0" Kind="selection" Navigation="null" OriginId="org.eclipse.jdt.ui.CompilationUnitEditor" StartDate="2007-07-06 23:16:10.903 PDT" StructureHandle="=dso-common/src&amp;lt;com.tc.util{NonPortableReason.java[NonPortableReason~hasUltimateNonPortableFieldName" StructureKind="java"/><InteractionEvent Delta="null" EndDate="2007-07-06 23:28:10.799 PDT" Interest="-5.5080004" Kind="manipulation" Navigation="null" OriginId="org.eclipse.mylyn.core.model.interest.decay" StartDate="2007-07-06 23:28:10.799 PDT" StructureHandle="=dso-l1/src&amp;lt;com.tc.object{ClientObjectManagerImpl.java" StructureKind="java"/><InteractionEvent Delta="null" EndDate="2007-07-06 22:55:03.103 PDT" Interest="7.0" Kind="selection" Navigation="null" OriginId="org.eclipse.jdt.ui.CompilationUnitEditor" StartDate="2007-07-06 22:14:46.389 PDT" StructureHandle="=dso-l1/src&amp;lt;com.tc.object{ClientObjectManagerImpl.java" StructureKind="java"/><InteractionEvent Delta="null" EndDate="2007-07-06 22:55:03.121 PDT" Interest="13.535998" Kind="propagation" Navigation="org.eclipse.mylyn.core.model.edges.containment" OriginId="org.eclipse.mylyn.core.model.interest.propagation" StartDate="2007-07-06 22:14:46.953 PDT" StructureHandle="=dso-l1/src&amp;lt;com.tc.object{ClientObjectManagerImpl.java" StructureKind="java"/><InteractionEvent Delta="null" EndDate="2007-07-06 23:28:10.799 PDT" Interest="-0.068" Kind="manipulation" Navigation="null" OriginId="org.eclipse.mylyn.core.model.interest.decay" StartDate="2007-07-06 23:28:10.799 PDT" StructureHandle="=dso-system-tests/tests.base&amp;lt;com.tctest{GenericMapTestApp.java" StructureKind="java"/><InteractionEvent Delta="null" EndDate="2007-07-06 23:26:27.748 PDT" Interest="1.0" Kind="prediction" Navigation="null" OriginId="org.eclipse.mylyn.ide.resource.interest.updater" StartDate="2007-07-06 23:26:27.748 PDT" StructureHandle="=dso-system-tests/tests.base&amp;lt;com.tctest{GenericMapTestApp.java" StructureKind="java"/><InteractionEvent Delta="null" EndDate="2007-07-06 23:28:10.799 PDT" Interest="-2.125" Kind="manipulation" Navigation="null" OriginId="org.eclipse.mylyn.core.model.interest.decay" StartDate="2007-07-06 23:28:10.799 PDT" StructureHandle="=dso-common/src&amp;lt;com.tc.util{NonPortableReason.java[NonPortableReason~NonPortableReason~QString;~B" StructureKind="java"/><InteractionEvent Delta="null" EndDate="2007-07-06 23:16:56.612 PDT" Interest="6.0" Kind="selection" Navigation="null" OriginId="org.eclipse.jdt.ui.CompilationUnitEditor" StartDate="2007-07-06 23:09:48.304 PDT" StructureHandle="=dso-common/src&amp;lt;com.tc.util{NonPortableReason.java[NonPortableReason~NonPortableReason~QString;~B" StructureKind="java"/><InteractionEvent Delta="null" EndDate="2007-07-06 23:17:03.49 PDT" Interest="12.0" Kind="edit" Navigation="null" OriginId="org.eclipse.jdt.ui.CompilationUnitEditor" StartDate="2007-07-06 23:09:49.283 PDT" StructureHandle="=dso-common/src&amp;lt;com.tc.util{NonPortableReason.java[NonPortableReason~NonPortableReason~QString;~B" StructureKind="java"/><InteractionEvent Delta="null" EndDate="2007-07-06 23:28:10.799 PDT" Interest="-3.6210003" Kind="manipulation" Navigation="null" OriginId="org.eclipse.mylyn.core.model.interest.decay" StartDate="2007-07-06 23:28:10.799 PDT" StructureHandle="=ui-configurator/src&amp;lt;com.tc{NonPortableObjectPanel.java" StructureKind="java"/><InteractionEvent Delta="null" EndDate="2007-07-06 23:22:05.705 PDT" Interest="4.0" Kind="prediction" Navigation="null" OriginId="org.eclipse.mylyn.ide.resource.interest.updater" StartDate="2007-07-06 22:51:29.287 PDT" StructureHandle="=ui-configurator/src&amp;lt;com.tc{NonPortableObjectPanel.java" StructureKind="java"/><InteractionEvent Delta="null" EndDate="2007-07-06 23:28:10.799 PDT" Interest="-2.6690001" Kind="manipulation" Navigation="null" OriginId="org.eclipse.mylyn.core.model.interest.decay" StartDate="2007-07-06 23:28:10.799 PDT" StructureHandle="=dso-common/src&amp;lt;com.tc.object.appevent{NonPortableEventContextFactory.java[NonPortableEventContextFactory~createNonPortableEventContext~QObject;" StructureKind="java"/><InteractionEvent Delta="null" EndDate="2007-07-06 23:04:17.683 PDT" Interest="5.0" Kind="selection" Navigation="null" OriginId="org.eclipse.jdt.ui.CompilationUnitEditor" StartDate="2007-07-06 22:59:51.253 PDT" StructureHandle="=dso-common/src&amp;lt;com.tc.object.appevent{NonPortableEventContextFactory.java[NonPortableEventContextFactory~createNonPortableEventContext~QObject;" StructureKind="java"/><InteractionEvent Delta="null" EndDate="2007-07-06 23:28:10.799 PDT" Interest="-3.6210003" Kind="manipulation" Navigation="null" OriginId="org.eclipse.mylyn.core.model.interest.decay" StartDate="2007-07-06 23:28:10.799 PDT" StructureHandle="=dso-l1/src&amp;lt;com.tc.object{WalkVisitor.java" StructureKind="java"/><InteractionEvent Delta="null" EndDate="2007-07-06 23:22:05.705 PDT" Interest="4.0" Kind="prediction" Navigation="null" OriginId="org.eclipse.mylyn.ide.resource.interest.updater" StartDate="2007-07-06 22:51:29.287 PDT" StructureHandle="=dso-l1/src&amp;lt;com.tc.object{WalkVisitor.java" StructureKind="java"/><InteractionEvent Delta="null" EndDate="2007-07-06 23:28:10.799 PDT" Interest="-2.992" Kind="manipulation" Navigation="null" OriginId="org.eclipse.mylyn.core.model.interest.decay" StartDate="2007-07-06 23:28:10.799 PDT" StructureHandle="=dso-common/src&amp;lt;com.tc.object.appevent{NonPortableEventContextFactory.java[NonPortableEventContextFactory" StructureKind="java"/><InteractionEvent Delta="null" EndDate="2007-07-06 22:55:58.962 PDT" Interest="1.085" Kind="manipulation" Navigation="null" OriginId="org.eclipse.mylyn.core.model.interest.decay.correction" StartDate="2007-07-06 22:55:58.962 PDT" StructureHandle="=dso-common/src&amp;lt;com.tc.object.appevent{NonPortableEventContextFactory.java[NonPortableEventContextFactory" StructureKind="java"/><InteractionEvent Delta="null" EndDate="2007-07-06 23:04:17.683 PDT" Interest="10.863999" Kind="propagation" Navigation="org.eclipse.mylyn.core.model.edges.containment" OriginId="org.eclipse.mylyn.core.model.interest.propagation" StartDate="2007-07-06 22:55:10.341 PDT" StructureHandle="=dso-common/src&amp;lt;com.tc.object.appevent{NonPortableEventContextFactory.java[NonPortableEventContextFactory" StructureKind="java"/><InteractionEvent Delta="null" EndDate="2007-07-06 23:28:10.799 PDT" Interest="-5.4400005" Kind="manipulation" Navigation="null" OriginId="org.eclipse.mylyn.core.model.interest.decay" StartDate="2007-07-06 23:28:10.799 PDT" StructureHandle="=dso-common/src" StructureKind="java"/><InteractionEvent Delta="null" EndDate="2007-07-06 23:19:24.706 PDT" Interest="6.0490003" Kind="manipulation" Navigation="null" OriginId="org.eclipse.mylyn.core.model.interest.decay.correction" StartDate="2007-07-06 22:15:39.606 PDT" StructureHandle="=dso-common/src" StructureKind="java"/><InteractionEvent Delta="null" EndDate="2007-07-06 23:27:16.976 PDT" Interest="255.63795" Kind="propagation" Navigation="org.eclipse.mylyn.core.model.edges.containment" OriginId="org.eclipse.mylyn.core.model.interest.propagation" StartDate="2007-07-06 22:15:39.593 PDT" StructureHandle="=dso-common/src" StructureKind="java"/><InteractionEvent Delta="null" EndDate="2007-07-06 23:28:10.799 PDT" Interest="-5.5080004" Kind="manipulation" Navigation="null" OriginId="org.eclipse.mylyn.core.model.interest.decay" StartDate="2007-07-06 23:28:10.799 PDT" StructureHandle="=dso-l1/src&amp;lt;com.tc.object" StructureKind="java"/><InteractionEvent Delta="null" EndDate="2007-07-06 22:51:55.288 PDT" Interest="2.989" Kind="manipulation" Navigation="null" OriginId="org.eclipse.mylyn.core.model.interest.decay.correction" StartDate="2007-07-06 22:14:46.408 PDT" StructureHandle="=dso-l1/src&amp;lt;com.tc.object" StructureKind="java"/><InteractionEvent Delta="null" EndDate="2007-07-06 22:55:03.121 PDT" Interest="29.451" Kind="propagation" Navigation="org.eclipse.mylyn.core.model.edges.containment" OriginId="org.eclipse.mylyn.core.model.interest.propagation" StartDate="2007-07-06 22:14:46.390 PDT" StructureHandle="=dso-l1/src&amp;lt;com.tc.object" StructureKind="java"/><InteractionEvent Delta="null" EndDate="2007-07-06 23:28:10.799 PDT" Interest="-0.527" Kind="manipulation" Navigation="null" OriginId="org.eclipse.mylyn.core.model.interest.decay" StartDate="2007-07-06 23:28:10.799 PDT" StructureHandle="=dso-common/src&amp;lt;com.tc.util{NonPortableReason.java[NonPortableReason~getClassName" StructureKind="java"/><InteractionEvent Delta="null" EndDate="2007-07-06 23:17:04.145 PDT" Interest="1.0" Kind="selection" Navigation="null" OriginId="org.eclipse.jdt.ui.CompilationUnitEditor" StartDate="2007-07-06 23:17:04.145 PDT" StructureHandle="=dso-common/src&amp;lt;com.tc.util{NonPortableReason.java[NonPortableReason~getClassName" StructureKind="java"/><InteractionEvent Delta="null" EndDate="2007-07-06 23:28:10.799 PDT" Interest="-1.751" Kind="manipulation" Navigation="null" OriginId="org.eclipse.mylyn.core.model.interest.decay" StartDate="2007-07-06 23:28:10.799 PDT" StructureHandle="=dso-common/src&amp;lt;com.tc.util{NonPortableReason.java[NonPortableReason^nonBootJarClasses" StructureKind="java"/><InteractionEvent Delta="null" EndDate="2007-07-06 23:10:51.413 PDT" Interest="1.0" Kind="selection" Navigation="null" OriginId="org.eclipse.jdt.ui.CompilationUnitEditor" StartDate="2007-07-06 23:10:51.413 PDT" StructureHandle="=dso-common/src&amp;lt;com.tc.util{NonPortableReason.java[NonPortableReason^nonBootJarClasses" StructureKind="java"/><InteractionEvent Delta="null" EndDate="2007-07-06 23:10:53.35 PDT" Interest="2.0" Kind="edit" Navigation="null" OriginId="org.eclipse.jdt.ui.CompilationUnitEditor" StartDate="2007-07-06 23:10:52.77 PDT" StructureHandle="=dso-common/src&amp;lt;com.tc.util{NonPortableReason.java[NonPortableReason^nonBootJarClasses" StructureKind="java"/><InteractionEvent Delta="null" EndDate="2007-07-06 23:28:10.799 PDT" Interest="-4.794" Kind="manipulation" Navigation="null" OriginId="org.eclipse.mylyn.core.model.interest.decay" StartDate="2007-07-06 23:28:10.799 PDT" StructureHandle="=dso-common/src&amp;lt;com.tc.util{NonPortableReason.java[NonPortableReason~accept~QNonPortableReasonFormatter;" StructureKind="java"/><InteractionEvent Delta="null" EndDate="2007-07-06 23:22:36.940 PDT" Interest="6.0" Kind="selection" Navigation="null" OriginId="org.eclipse.jdt.ui.CompilationUnitEditor" StartDate="2007-07-06 22:23:24.480 PDT" StructureHandle="=dso-common/src&amp;lt;com.tc.util{NonPortableReason.java[NonPortableReason~accept~QNonPortableReasonFormatter;" StructureKind="java"/><InteractionEvent Delta="null" EndDate="2007-07-06 22:29:32.79 PDT" Interest="7.0" Kind="edit" Navigation="null" OriginId="org.eclipse.jdt.ui.CompilationUnitEditor" StartDate="2007-07-06 22:23:36.269 PDT" StructureHandle="=dso-common/src&amp;lt;com.tc.util{NonPortableReason.java[NonPortableReason~accept~QNonPortableReasonFormatter;" StructureKind="java"/><InteractionEvent Delta="null" EndDate="2007-07-06 23:28:10.799 PDT" Interest="-0.85" Kind="manipulation" Navigation="null" OriginId="org.eclipse.mylyn.core.model.interest.decay" StartDate="2007-07-06 23:28:10.799 PDT" StructureHandle="=dso-common/src&amp;lt;com.tc.util{NonPortableReason.java[NonPortableReason~setMessage~QString;" StructureKind="java"/><InteractionEvent Delta="null" EndDate="2007-07-06 23:16:20.815 PDT" Interest="1.0" Kind="selection" Navigation="null" OriginId="org.eclipse.jdt.ui.CompilationUnitEditor" StartDate="2007-07-06 23:16:20.815 PDT" StructureHandle="=dso-common/src&amp;lt;com.tc.util{NonPortableReason.java[NonPortableReason~setMessage~QString;" StructureKind="java"/><InteractionEvent Delta="null" EndDate="2007-07-06 23:28:10.799 PDT" Interest="-2.2440002" Kind="manipulation" Navigation="null" OriginId="org.eclipse.mylyn.core.model.interest.decay" StartDate="2007-07-06 23:28:10.799 PDT" StructureHandle="=dso-common/src&amp;lt;com.tc.util{NonPortableReason.java[NonPortableReason~NonPortableReason~QClass;~B" StructureKind="java"/><InteractionEvent Delta="null" EndDate="2007-07-06 23:16:24.126 PDT" Interest="6.0" Kind="selection" Navigation="null" OriginId="org.eclipse.jdt.ui.CompilationUnitEditor" StartDate="2007-07-06 23:09:34.327 PDT" StructureHandle="=dso-common/src&amp;lt;com.tc.util{NonPortableReason.java[NonPortableReason~NonPortableReason~QClass;~B" StructureKind="java"/><InteractionEvent Delta="null" EndDate="2007-07-06 23:10:16.728 PDT" Interest="8.0" Kind="edit" Navigation="null" OriginId="org.eclipse.jdt.ui.CompilationUnitEditor" StartDate="2007-07-06 23:09:35.161 PDT" StructureHandle="=dso-common/src&amp;lt;com.tc.util{NonPortableReason.java[NonPortableReason~NonPortableReason~QClass;~B" StructureKind="java"/><InteractionEvent Delta="null" EndDate="2007-07-06 23:28:10.799 PDT" Interest="-0.96900004" Kind="manipulation" Navigation="null" OriginId="org.eclipse.mylyn.core.model.interest.decay" StartDate="2007-07-06 23:28:10.799 PDT" StructureHandle="=dso-common/src&amp;lt;com.tc.util{NonPortableReason.java[NonPortableReason~constructInstructions" StructureKind="java"/><InteractionEvent Delta="null" EndDate="2007-07-06 23:16:04.199 PDT" Interest="1.0" Kind="selection" Navigation="null" OriginId="org.eclipse.jdt.ui.CompilationUnitEditor" StartDate="2007-07-06 23:16:04.199 PDT" StructureHandle="=dso-common/src&amp;lt;com.tc.util{NonPortableReason.java[NonPortableReason~constructInstructions" StructureKind="java"/><InteractionEvent Delta="null" EndDate="2007-07-06 23:16:10.87 PDT" Interest="3.0" Kind="edit" Navigation="null" OriginId="org.eclipse.jdt.ui.CompilationUnitEditor" StartDate="2007-07-06 23:16:08.127 PDT" StructureHandle="=dso-common/src&amp;lt;com.tc.util{NonPortableReason.java[NonPortableReason~constructInstructions" StructureKind="java"/><InteractionEvent Delta="null" EndDate="2007-07-06 23:28:10.799 PDT" Interest="-2.3290002" Kind="manipulation" Navigation="null" OriginId="org.eclipse.mylyn.core.model.interest.decay" StartDate="2007-07-06 23:28:10.799 PDT" StructureHandle="=dso-common/src&amp;lt;com.tc.util{NonPortableReason.java[NonPortableReason^details" StructureKind="java"/><InteractionEvent Delta="null" EndDate="2007-07-06 23:09:20.489 PDT" Interest="1.0" Kind="selection" Navigation="null" OriginId="org.eclipse.jdt.ui.CompilationUnitEditor" StartDate="2007-07-06 23:09:20.489 PDT" StructureHandle="=dso-common/src&amp;lt;com.tc.util{NonPortableReason.java[NonPortableReason^details" StructureKind="java"/><InteractionEvent Delta="null" EndDate="2007-07-06 23:28:10.799 PDT" Interest="-4.709" Kind="manipulation" Navigation="null" OriginId="org.eclipse.mylyn.core.model.interest.decay" StartDate="2007-07-06 23:28:10.799 PDT" StructureHandle="=dso-common/src&amp;lt;com.tc.text{ConsoleNonPortableReasonFormatter.java" StructureKind="java"/><InteractionEvent Delta="null" EndDate="2007-07-06 22:48:19.961 PDT" Interest="4.0" Kind="selection" Navigation="null" OriginId="org.eclipse.jdt.ui.CompilationUnitEditor" StartDate="2007-07-06 22:23:42.200 PDT" StructureHandle="=dso-common/src&amp;lt;com.tc.text{ConsoleNonPortableReasonFormatter.java" StructureKind="java"/><InteractionEvent Delta="null" EndDate="2007-07-06 22:48:19.971 PDT" Interest="2.966" Kind="propagation" Navigation="org.eclipse.mylyn.core.model.edges.containment" OriginId="org.eclipse.mylyn.core.model.interest.propagation" StartDate="2007-07-06 22:23:42.780 PDT" StructureHandle="=dso-common/src&amp;lt;com.tc.text{ConsoleNonPortableReasonFormatter.java" StructureKind="java"/><InteractionEvent Delta="null" EndDate="2007-07-06 23:28:10.799 PDT" Interest="-4.76" Kind="manipulation" Navigation="null" OriginId="org.eclipse.mylyn.core.model.interest.decay" StartDate="2007-07-06 23:28:10.799 PDT" StructureHandle="=dso-common/src&amp;lt;com.tc.text" StructureKind="java"/><InteractionEvent Delta="null" EndDate="2007-07-06 22:23:36.649 PDT" Interest="1.017" Kind="manipulation" Navigation="null" OriginId="org.eclipse.mylyn.core.model.interest.decay.correction" StartDate="2007-07-06 22:23:36.649 PDT" StructureHandle="=dso-common/src&amp;lt;com.tc.text" StructureKind="java"/><InteractionEvent Delta="null" EndDate="2007-07-06 22:48:19.971 PDT" Interest="14.847" Kind="propagation" Navigation="org.eclipse.mylyn.core.model.edges.containment" OriginId="org.eclipse.mylyn.core.model.interest.propagation" StartDate="2007-07-06 22:23:36.639 PDT" StructureHandle="=dso-common/src&amp;lt;com.tc.text" StructureKind="java"/><InteractionEvent Delta="null" EndDate="2007-07-06 23:28:10.799 PDT" Interest="-5.4740005" Kind="manipulation" Navigation="null" OriginId="org.eclipse.mylyn.core.model.interest.decay" StartDate="2007-07-06 23:28:10.799 PDT" StructureHandle="=dso-l1/src&amp;lt;com.tc.object{ClientObjectManagerImpl.java[ClientObjectManagerImpl~checkPortabilityOfTraversedReference~QTraversedReference;~QClass;~QNonPortableEventContext;" StructureKind="java"/><InteractionEvent Delta="null" EndDate="2007-07-06 22:14:46.953 PDT" Interest="1.0" Kind="selection" Navigation="null" OriginId="org.eclipse.jdt.ui.CompilationUnitEditor" StartDate="2007-07-06 22:14:46.953 PDT" StructureHandle="=dso-l1/src&amp;lt;com.tc.object{ClientObjectManagerImpl.java[ClientObjectManagerImpl~checkPortabilityOfTraversedReference~QTraversedReference;~QClass;~QNonPortableEventContext;" StructureKind="java"/><InteractionEvent Delta="null" EndDate="2007-07-06 23:28:10.799 PDT" Interest="-4.2840004" Kind="manipulation" Navigation="null" OriginId="org.eclipse.mylyn.core.model.interest.decay" StartDate="2007-07-06 23:28:10.799 PDT" StructureHandle="=dso-common/tests.unit&amp;lt;com.tc.text{NonPortableReasonFormatterTest.java[NonPortableReasonFormatterTest~setUp" StructureKind="java"/><InteractionEvent Delta="null" EndDate="2007-07-06 22:52:26.401 PDT" Interest="4.0" Kind="selection" Navigation="null" OriginId="org.eclipse.jdt.ui.CompilationUnitEditor" StartDate="2007-07-06 22:35:48.56 PDT" StructureHandle="=dso-common/tests.unit&amp;lt;com.tc.text{NonPortableReasonFormatterTest.java[NonPortableReasonFormatterTest~setUp" StructureKind="java"/><InteractionEvent Delta="null" EndDate="2007-07-06 23:28:10.799 PDT" Interest="-5.4740005" Kind="manipulation" Navigation="null" OriginId="org.eclipse.mylyn.core.model.interest.decay" StartDate="2007-07-06 23:28:10.799 PDT" StructureHandle="=dso-l1/src&amp;lt;com.tc.object{ClientObjectManagerImpl.java[ClientObjectManagerImpl" StructureKind="java"/><InteractionEvent Delta="null" EndDate="2007-07-06 22:51:55.313 PDT" Interest="2.9720001" Kind="manipulation" Navigation="null" OriginId="org.eclipse.mylyn.core.model.interest.decay.correction" StartDate="2007-07-06 22:15:03.324 PDT" StructureHandle="=dso-l1/src&amp;lt;com.tc.object{ClientObjectManagerImpl.java[ClientObjectManagerImpl" StructureKind="java"/><InteractionEvent Delta="null" EndDate="2007-07-06 22:55:03.121 PDT" Interest="10.563999" Kind="propagation" Navigation="org.eclipse.mylyn.core.model.edges.containment" OriginId="org.eclipse.mylyn.core.model.interest.propagation" StartDate="2007-07-06 22:14:46.953 PDT" StructureHandle="=dso-l1/src&amp;lt;com.tc.object{ClientObjectManagerImpl.java[ClientObjectManagerImpl" StructureKind="java"/><InteractionEvent Delta="null" EndDate="2007-07-06 23:28:10.799 PDT" Interest="-5.5080004" Kind="manipulation" Navigation="null" OriginId="org.eclipse.mylyn.core.model.interest.decay" StartDate="2007-07-06 23:28:10.799 PDT" StructureHandle="=dso-l1/src" StructureKind="java"/><InteractionEvent Delta="null" EndDate="2007-07-06 22:51:55.288 PDT" Interest="2.989" Kind="manipulation" Navigation="null" OriginId="org.eclipse.mylyn.core.model.interest.decay.correction" StartDate="2007-07-06 22:14:46.408 PDT" StructureHandle="=dso-l1/src" StructureKind="java"/><InteractionEvent Delta="null" EndDate="2007-07-06 22:55:03.121 PDT" Interest="32.44" Kind="propagation" Navigation="org.eclipse.mylyn.core.model.edges.containment" OriginId="org.eclipse.mylyn.core.model.interest.propagation" StartDate="2007-07-06 22:14:46.390 PDT" StructureHandle="=dso-l1/src" StructureKind="java"/><InteractionEvent Delta="null" EndDate="2007-07-06 23:28:10.799 PDT" Interest="-5.406" Kind="manipulation" Navigation="null" OriginId="org.eclipse.mylyn.core.model.interest.decay" StartDate="2007-07-06 23:28:10.799 PDT" StructureHandle="=dso-common/src&amp;lt;com.tc.util{NonPortableReason.java[NonPortableReason" StructureKind="java"/><InteractionEvent Delta="null" EndDate="2007-07-06 23:27:16.976 PDT" Interest="12.0" Kind="selection" Navigation="null" OriginId="org.eclipse.ui.views.ContentOutline" StartDate="2007-07-06 22:15:40.184 PDT" StructureHandle="=dso-common/src&amp;lt;com.tc.util{NonPortableReason.java[NonPortableReason" StructureKind="java"/><InteractionEvent Delta="null" EndDate="2007-07-06 23:25:56.17 PDT" Interest="4.0" Kind="edit" Navigation="null" OriginId="org.eclipse.jdt.ui.CompilationUnitEditor" StartDate="2007-07-06 22:17:15.709 PDT" StructureHandle="=dso-common/src&amp;lt;com.tc.util{NonPortableReason.java[NonPortableReason" StructureKind="java"/><InteractionEvent Delta="null" EndDate="2007-07-06 23:25:45.126 PDT" Interest="146.42693" Kind="propagation" Navigation="org.eclipse.mylyn.core.model.edges.containment" OriginId="org.eclipse.mylyn.core.model.interest.propagation" StartDate="2007-07-06 22:17:16.454 PDT" StructureHandle="=dso-common/src&amp;lt;com.tc.util{NonPortableReason.java[NonPortableReason" StructureKind="java"/></InteractionHistory>