<?xml version="1.0" encoding="UTF-8"?>
<con:tc-config xmlns:con="http://www.terracotta.org/config">
  <servers>
    <server host="%i" name="localhost">
      <dso-port>9510</dso-port>
      <jmx-port>9520</jmx-port>
      <data>terracotta/server-data</data>
      <logs>terracotta/server-logs</logs>
      <statistics>terracotta/cluster-statistics</statistics>
    </server>
  </servers>
  <clients>
    <logs>terracotta/client-logs</logs>
  </clients>
  <application>
    <dso>
      <instrumented-classes>
        <include>
          <class-expression>foo.Go</class-expression>
        </include>
        <include>
          <class-expression>foo.Go$SubBigDecimal</class-expression>
        </include>
        <include>
          <class-expression>foo.Go$SubBigInteger</class-expression>
        </include>
      </instrumented-classes>
      <roots>
        <root>
          <field-name>foo.Go.root</field-name>
        </root>
      </roots>
    </dso>
  </application>
</con:tc-config>