<?xml version="1.0" encoding="UTF-8"?>
<con:tc-config xmlns:con="http://www.terracotta.org/config">
  <servers>
    <server host="eng04" name="eng04">
      <dso-port>9510</dso-port>
      <jmx-port>9520</jmx-port>
      <data>/export1/dev/rsingh/terracotta/server-data</data>
      <logs>/export1/dev/rsingh/terracotta/server-logs</logs>
      <statistics>/export1/dev/rsingh/terracotta/cluster-statistics</statistics>
      <dso> 
			<persistence>
				<mode>temporary-swap-only</mode> 
            </persistence> 
      </dso>
    </server>
    
    <server host="eng03" name="eng03">
      <dso-port>9510</dso-port>
      <jmx-port>9520</jmx-port>
      <data>/export1/dev/rsingh/terracotta/server-data</data>
      <logs>/export1/dev/rsingh/terracotta/server-logs</logs>
      <statistics>/export1/dev/rsingh/terracotta/cluster-statistics</statistics>
      <dso> 
			<persistence>
				<mode>temporary-swap-only</mode> 
            </persistence> 
      </dso>
    </server>
    
    <mirror-groups> 
		<mirror-group>
			<members> 
				<member>eng03</member>
				<member>eng04</member>
            </members>
			
            <ha> 
				<mode>networked-active-passive</mode>
				<networked-active-passive>
					<election-time>5</election-time>
				</networked-active-passive> 
            </ha>
			
        </mirror-group>
    </mirror-groups>

  </servers>
  <clients>
    <logs>/export1/dev/rsingh/terracotta/client-logs</logs>
    <statistics>/export1/dev/rsingh/terracotta/client-statistics/%D</statistics>
  </clients>
  <application>
    <dso>
      <instrumented-classes>
        <include>
          <class-expression>test.MailBox</class-expression>
        </include>
      </instrumented-classes>
      <roots>
        <root>
          <field-name>test.MailBox.mailBoxMap</field-name>
        </root>
      </roots>
    </dso>
  </application>
</con:tc-config>
