<?xml version="1.0" encoding="UTF-8"?>
<tc:tc-config xmlns:tc="http://www.terracotta.org/config">
  <system>
    <configuration-model>development</configuration-model>
  </system>
  <servers>
<server host="eng01.terracotta.lan" name="eng01.terracotta.lan">
	<data>/export1/bench/perfTests/perfLogs/server/data-1</data>
	<logs>/export1/bench/perfTests/perfLogs/server/logs-1</logs>
		<dso-port>9510</dso-port>
		<jmx-port>9520</jmx-port>

<dso>
	<persistence>
		<mode>permanent-store</mode>
	</persistence>
	<garbage-collection>
		<enabled>false</enabled>
		<verbose>false</verbose>
	</garbage-collection>
</dso>
</server>
	<ha>
		<mode>networked-active-passive</mode>
	</ha>
  </servers>
   <clients>
    	<logs>/export1/bench/perfTests/perfLogs/client/logs</logs>
	<statistics>/export1/bench/perfTests/perfLogs/client/statistics</statistics>
	<modules>
		<module name="tim-hibernate-cache-3.3" version="0.1.0-SNAPSHOT"/>
		<module name="tim-hibernate-cache-3.2" version="0.1.0-SNAPSHOT"/>
		<module name="tim-map-evictor" version="1.2.0-SNAPSHOT"/>
		<module name="tim-concurrent-collections" version="1.2.0-SNAPSHOT"/>
	</modules>
  </clients>
  <application>
    <dso>
      <roots>
        <root>
          <field-name>org.terracotta.petclinic.perftest.AbstractPerfTest.clusterBarrier</field-name>
        </root>
         <root>
          <field-name>org.terracotta.petclinic.perftest.AbstractPerfTest.clusterTestCount</field-name>
        </root> 
      </roots>
    </dso>
  </application>
</tc:tc-config>
