<?xml version="1.0" encoding="UTF-8"?><InteractionHistory Id="https://jira.terracotta.org/jira-17976" Version="1"><InteractionEvent Delta="null" EndDate="2007-10-16 19:05:31.703 PDT" Interest="-3.6720002" Kind="manipulation" Navigation="null" OriginId="org.eclipse.mylyn.core.model.interest.decay" StartDate="2007-10-16 19:05:31.703 PDT" StructureHandle="=tc-maven-plugin/src\/main\/java&amp;lt;org.terracotta.maven.plugins.tc" StructureKind="java"/><InteractionEvent Delta="null" EndDate="2007-10-16 18:44:05.890 PDT" Interest="1.0" Kind="selection" Navigation="null" OriginId="org.eclipse.jdt.ui.PackageExplorer" StartDate="2007-10-16 18:44:05.890 PDT" StructureHandle="=tc-maven-plugin/src\/main\/java&amp;lt;org.terracotta.maven.plugins.tc" StructureKind="java"/><InteractionEvent Delta="null" EndDate="2007-10-16 18:56:47.46 PDT" Interest="3.0260003" Kind="manipulation" Navigation="null" OriginId="org.eclipse.mylyn.core.model.interest.decay.correction" StartDate="2007-10-16 18:33:48.765 PDT" StructureHandle="=tc-maven-plugin/src\/main\/java&amp;lt;org.terracotta.maven.plugins.tc" StructureKind="java"/><InteractionEvent Delta="null" EndDate="2007-10-16 19:00:52.625 PDT" Interest="164.543" Kind="propagation" Navigation="org.eclipse.mylyn.core.model.edges.containment" OriginId="org.eclipse.mylyn.core.model.interest.propagation" StartDate="2007-10-16 18:33:48.750 PDT" StructureHandle="=tc-maven-plugin/src\/main\/java&amp;lt;org.terracotta.maven.plugins.tc" StructureKind="java"/><InteractionEvent Delta="null" EndDate="2007-10-16 19:05:31.703 PDT" Interest="-3.4510002" Kind="manipulation" Navigation="null" OriginId="org.eclipse.mylyn.core.model.interest.decay" StartDate="2007-10-16 19:05:31.703 PDT" StructureHandle="/tc-maven-plugin/target/tc-maven-plugin-0.0.5-SNAPSHOT.jar" StructureKind="resource"/><InteractionEvent Delta="null" EndDate="2007-10-16 19:03:43.281 PDT" Interest="4.0" Kind="prediction" Navigation="null" OriginId="org.eclipse.mylyn.ide.resource.interest.updater" StartDate="2007-10-16 18:38:57.359 PDT" StructureHandle="/tc-maven-plugin/target/tc-maven-plugin-0.0.5-SNAPSHOT.jar" StructureKind="resource"/><InteractionEvent Delta="null" EndDate="2007-10-16 19:05:31.703 PDT" Interest="-3.4510002" Kind="manipulation" Navigation="null" OriginId="org.eclipse.mylyn.core.model.interest.decay" StartDate="2007-10-16 19:05:31.703 PDT" StructureHandle="=tc-maven-plugin/target\/classes\/org\/terracotta\/maven\/plugins\/tc&amp;lt;(DsoRestartMojo.class" StructureKind="java"/><InteractionEvent Delta="null" EndDate="2007-10-16 18:58:09.140 PDT" Interest="4.0" Kind="prediction" Navigation="null" OriginId="org.eclipse.mylyn.ide.resource.interest.updater" StartDate="2007-10-16 18:38:57.359 PDT" StructureHandle="=tc-maven-plugin/target\/classes\/org\/terracotta\/maven\/plugins\/tc&amp;lt;(DsoRestartMojo.class" StructureKind="java"/><InteractionEvent Delta="null" EndDate="2007-10-16 19:05:31.703 PDT" Interest="-3.4510002" Kind="manipulation" Navigation="null" OriginId="org.eclipse.mylyn.core.model.interest.decay" StartDate="2007-10-16 19:05:31.703 PDT" StructureHandle="=tc-maven-plugin/target\/classes\/org\/terracotta\/maven\/plugins\/tc&amp;lt;(DsoTerminateIntegrationMojo.class" StructureKind="java"/><InteractionEvent Delta="null" EndDate="2007-10-16 18:58:09.171 PDT" Interest="4.0" Kind="prediction" Navigation="null" OriginId="org.eclipse.mylyn.ide.resource.interest.updater" StartDate="2007-10-16 18:38:57.359 PDT" StructureHandle="=tc-maven-plugin/target\/classes\/org\/terracotta\/maven\/plugins\/tc&amp;lt;(DsoTerminateIntegrationMojo.class" StructureKind="java"/><InteractionEvent Delta="null" EndDate="2007-10-16 19:05:31.703 PDT" Interest="-3.4510002" Kind="manipulation" Navigation="null" OriginId="org.eclipse.mylyn.core.model.interest.decay" StartDate="2007-10-16 19:05:31.703 PDT" StructureHandle="=tc-maven-plugin/target\/classes\/org\/terracotta\/maven\/plugins\/tc\/cl&amp;lt;(Shell.class" StructureKind="java"/><InteractionEvent Delta="null" EndDate="2007-10-16 18:58:09.515 PDT" Interest="4.0" Kind="prediction" Navigation="null" OriginId="org.eclipse.mylyn.ide.resource.interest.updater" StartDate="2007-10-16 18:38:57.359 PDT" StructureHandle="=tc-maven-plugin/target\/classes\/org\/terracotta\/maven\/plugins\/tc\/cl&amp;lt;(Shell.class" StructureKind="java"/><InteractionEvent Delta="null" EndDate="2007-10-16 19:05:31.703 PDT" Interest="-1.2750001" Kind="manipulation" Navigation="null" OriginId="org.eclipse.mylyn.core.model.interest.decay" StartDate="2007-10-16 19:05:31.703 PDT" StructureHandle="=tc-maven-plugin/src\/main\/java&amp;lt;org.terracotta.maven.plugins.tc{DsoStartMojo.java[DsoStartMojo~execute" StructureKind="java"/><InteractionEvent Delta="null" EndDate="2007-10-16 18:46:21.687 PDT" Interest="1.0" Kind="selection" Navigation="null" OriginId="org.eclipse.jdt.ui.CompilationUnitEditor" StartDate="2007-10-16 18:46:21.687 PDT" StructureHandle="=tc-maven-plugin/src\/main\/java&amp;lt;org.terracotta.maven.plugins.tc{DsoStartMojo.java[DsoStartMojo~execute" StructureKind="java"/><InteractionEvent Delta="null" EndDate="2007-10-16 18:46:25.750 PDT" Interest="1.0" Kind="edit" Navigation="null" OriginId="org.eclipse.jdt.ui.CompilationUnitEditor" StartDate="2007-10-16 18:46:25.750 PDT" StructureHandle="=tc-maven-plugin/src\/main\/java&amp;lt;org.terracotta.maven.plugins.tc{DsoStartMojo.java[DsoStartMojo~execute" StructureKind="java"/><InteractionEvent Delta="null" EndDate="2007-10-16 19:05:31.703 PDT" Interest="-0.289" Kind="manipulation" Navigation="null" OriginId="org.eclipse.mylyn.core.model.interest.decay" StartDate="2007-10-16 19:05:31.703 PDT" StructureHandle="=tc-maven-plugin/examples\/tc-maven-plugin-sample\/target\/classes\/org\/terracotta\/maven\/plugins\/tc\/test&amp;lt;(SampleUtils.class" StructureKind="java"/><InteractionEvent Delta="null" EndDate="2007-10-16 18:59:04.0 PDT" Interest="1.0" Kind="prediction" Navigation="null" OriginId="org.eclipse.mylyn.ide.resource.interest.updater" StartDate="2007-10-16 18:59:04.0 PDT" StructureHandle="=tc-maven-plugin/examples\/tc-maven-plugin-sample\/target\/classes\/org\/terracotta\/maven\/plugins\/tc\/test&amp;lt;(SampleUtils.class" StructureKind="java"/><InteractionEvent Delta="null" EndDate="2007-10-16 19:05:31.703 PDT" Interest="-3.4510002" Kind="manipulation" Navigation="null" OriginId="org.eclipse.mylyn.core.model.interest.decay" StartDate="2007-10-16 19:05:31.703 PDT" StructureHandle="=tc-maven-plugin/target\/classes\/org\/terracotta\/maven\/plugins\/tc\/cl&amp;lt;(CommandLineUtils.class" StructureKind="java"/><InteractionEvent Delta="null" EndDate="2007-10-16 18:58:09.500 PDT" Interest="4.0" Kind="prediction" Navigation="null" OriginId="org.eclipse.mylyn.ide.resource.interest.updater" StartDate="2007-10-16 18:38:57.359 PDT" StructureHandle="=tc-maven-plugin/target\/classes\/org\/terracotta\/maven\/plugins\/tc\/cl&amp;lt;(CommandLineUtils.class" StructureKind="java"/><InteractionEvent Delta="null" EndDate="2007-10-16 19:05:31.703 PDT" Interest="-0.20400001" Kind="manipulation" Navigation="null" OriginId="org.eclipse.mylyn.core.model.interest.decay" StartDate="2007-10-16 19:05:31.703 PDT" StructureHandle="/tc-maven-plugin-sample/target/terracotta/data/objectdb/je.lck" StructureKind="resource"/><InteractionEvent Delta="null" EndDate="2007-10-16 19:00:17.703 PDT" Interest="1.0" Kind="prediction" Navigation="null" OriginId="org.eclipse.mylyn.ide.resource.interest.updater" StartDate="2007-10-16 19:00:17.703 PDT" StructureHandle="/tc-maven-plugin-sample/target/terracotta/data/objectdb/je.lck" StructureKind="resource"/><InteractionEvent Delta="null" EndDate="2007-10-16 19:05:31.703 PDT" Interest="-1.9720001" Kind="manipulation" Navigation="null" OriginId="org.eclipse.mylyn.core.model.interest.decay" StartDate="2007-10-16 19:05:31.703 PDT" StructureHandle="=tc-maven-plugin/src\/main\/java&amp;lt;org.terracotta.maven.plugins.tc{AbstractDsoMojo.java[AbstractDsoMojo~getServerStatus~QString;" StructureKind="java"/><InteractionEvent Delta="null" EndDate="2007-10-16 18:45:50.265 PDT" Interest="3.0" Kind="selection" Navigation="null" OriginId="org.eclipse.jdt.ui.CompilationUnitEditor" StartDate="2007-10-16 18:45:10.203 PDT" StructureHandle="=tc-maven-plugin/src\/main\/java&amp;lt;org.terracotta.maven.plugins.tc{AbstractDsoMojo.java[AbstractDsoMojo~getServerStatus~QString;" StructureKind="java"/><InteractionEvent Delta="null" EndDate="2007-10-16 18:45:29.875 PDT" Interest="9.0" Kind="edit" Navigation="null" OriginId="org.eclipse.jdt.ui.CompilationUnitEditor" StartDate="2007-10-16 18:45:13.78 PDT" StructureHandle="=tc-maven-plugin/src\/main\/java&amp;lt;org.terracotta.maven.plugins.tc{AbstractDsoMojo.java[AbstractDsoMojo~getServerStatus~QString;" StructureKind="java"/><InteractionEvent Delta="null" EndDate="2007-10-16 19:05:31.703 PDT" Interest="-3.6720002" Kind="manipulation" Navigation="null" OriginId="org.eclipse.mylyn.core.model.interest.decay" StartDate="2007-10-16 19:05:31.703 PDT" StructureHandle="=tc-maven-plugin/src\/main\/java" StructureKind="java"/><InteractionEvent Delta="null" EndDate="2007-10-16 18:56:47.46 PDT" Interest="4.026" Kind="manipulation" Navigation="null" OriginId="org.eclipse.mylyn.core.model.interest.decay.correction" StartDate="2007-10-16 18:33:48.765 PDT" StructureHandle="=tc-maven-plugin/src\/main\/java" StructureKind="java"/><InteractionEvent Delta="null" EndDate="2007-10-16 19:00:52.625 PDT" Interest="173.952" Kind="propagation" Navigation="org.eclipse.mylyn.core.model.edges.containment" OriginId="org.eclipse.mylyn.core.model.interest.propagation" StartDate="2007-10-16 18:33:48.750 PDT" StructureHandle="=tc-maven-plugin/src\/main\/java" StructureKind="java"/><InteractionEvent Delta="null" EndDate="2007-10-16 19:05:31.703 PDT" Interest="-1.8190001" Kind="manipulation" Navigation="null" OriginId="org.eclipse.mylyn.core.model.interest.decay" StartDate="2007-10-16 19:05:31.703 PDT" StructureHandle="=tc-maven-plugin/src\/main\/java&amp;lt;org.terracotta.maven.plugins.tc{DsoSurefireMojo.java" StructureKind="java"/><InteractionEvent Delta="null" EndDate="2007-10-16 18:45:30.156 PDT" Interest="1.0" Kind="prediction" Navigation="null" OriginId="org.eclipse.mylyn.ide.resource.interest.updater" StartDate="2007-10-16 18:45:30.156 PDT" StructureHandle="=tc-maven-plugin/src\/main\/java&amp;lt;org.terracotta.maven.plugins.tc{DsoSurefireMojo.java" StructureKind="java"/><InteractionEvent Delta="null" EndDate="2007-10-16 19:05:31.703 PDT" Interest="-2.3460002" Kind="manipulation" Navigation="null" OriginId="org.eclipse.mylyn.core.model.interest.decay" StartDate="2007-10-16 19:05:31.703 PDT" StructureHandle="=tc-maven-plugin/src\/main\/java&amp;lt;org.terracotta.maven.plugins.tc{BootjarMojo.java[BootjarMojo~setVerbose~Z" StructureKind="java"/><InteractionEvent Delta="null" EndDate="2007-10-16 18:42:14.765 PDT" Interest="1.0" Kind="selection" Navigation="null" OriginId="org.eclipse.jdt.ui.CompilationUnitEditor" StartDate="2007-10-16 18:42:14.765 PDT" StructureHandle="=tc-maven-plugin/src\/main\/java&amp;lt;org.terracotta.maven.plugins.tc{BootjarMojo.java[BootjarMojo~setVerbose~Z" StructureKind="java"/><InteractionEvent Delta="null" EndDate="2007-10-16 19:05:31.703 PDT" Interest="-3.4510002" Kind="manipulation" Navigation="null" OriginId="org.eclipse.mylyn.core.model.interest.decay" StartDate="2007-10-16 19:05:31.703 PDT" StructureHandle="=tc-maven-plugin/target\/classes\/org\/terracotta\/maven\/plugins\/tc&amp;lt;(AbstractDsoServerMojo.class" StructureKind="java"/><InteractionEvent Delta="null" EndDate="2007-10-16 18:58:09.0 PDT" Interest="4.0" Kind="prediction" Navigation="null" OriginId="org.eclipse.mylyn.ide.resource.interest.updater" StartDate="2007-10-16 18:38:57.359 PDT" StructureHandle="=tc-maven-plugin/target\/classes\/org\/terracotta\/maven\/plugins\/tc&amp;lt;(AbstractDsoServerMojo.class" StructureKind="java"/><InteractionEvent Delta="null" EndDate="2007-10-16 19:05:31.703 PDT" Interest="-1.8190001" Kind="manipulation" Navigation="null" OriginId="org.eclipse.mylyn.core.model.interest.decay" StartDate="2007-10-16 19:05:31.703 PDT" StructureHandle="=tc-maven-plugin/src\/main\/java&amp;lt;org.terracotta.maven.plugins.tc{DsoRunMojo.java" StructureKind="java"/><InteractionEvent Delta="null" EndDate="2007-10-16 18:45:30.156 PDT" Interest="1.0" Kind="prediction" Navigation="null" OriginId="org.eclipse.mylyn.ide.resource.interest.updater" StartDate="2007-10-16 18:45:30.156 PDT" StructureHandle="=tc-maven-plugin/src\/main\/java&amp;lt;org.terracotta.maven.plugins.tc{DsoRunMojo.java" StructureKind="java"/><InteractionEvent Delta="null" EndDate="2007-10-16 19:05:31.703 PDT" Interest="-0.289" Kind="manipulation" Navigation="null" OriginId="org.eclipse.mylyn.core.model.interest.decay" StartDate="2007-10-16 19:05:31.703 PDT" StructureHandle="/tc-maven-plugin/examples/tc-maven-plugin-sample/target/terracotta/data/startup.lck" StructureKind="resource"/><InteractionEvent Delta="null" EndDate="2007-10-16 18:59:22.453 PDT" Interest="1.0" Kind="prediction" Navigation="null" OriginId="org.eclipse.mylyn.ide.resource.interest.updater" StartDate="2007-10-16 18:59:22.453 PDT" StructureHandle="/tc-maven-plugin/examples/tc-maven-plugin-sample/target/terracotta/data/startup.lck" StructureKind="resource"/><InteractionEvent Delta="null" EndDate="2007-10-16 19:05:31.703 PDT" Interest="-3.6210003" Kind="manipulation" Navigation="null" OriginId="org.eclipse.mylyn.core.model.interest.decay" StartDate="2007-10-16 19:05:31.703 PDT" StructureHandle="=tc-maven-plugin/src\/main\/java&amp;lt;org.terracotta.maven.plugins.tc{BootjarMojo.java[BootjarMojo~execute" StructureKind="java"/><InteractionEvent Delta="null" EndDate="2007-10-16 18:40:05.437 PDT" Interest="4.0" Kind="selection" Navigation="null" OriginId="org.eclipse.jdt.ui.CompilationUnitEditor" StartDate="2007-10-16 18:33:55.984 PDT" StructureHandle="=tc-maven-plugin/src\/main\/java&amp;lt;org.terracotta.maven.plugins.tc{BootjarMojo.java[BootjarMojo~execute" StructureKind="java"/><InteractionEvent Delta="null" EndDate="2007-10-16 18:42:13.546 PDT" Interest="64.0" Kind="edit" Navigation="null" OriginId="org.eclipse.jdt.ui.CompilationUnitEditor" StartDate="2007-10-16 18:33:59.750 PDT" StructureHandle="=tc-maven-plugin/src\/main\/java&amp;lt;org.terracotta.maven.plugins.tc{BootjarMojo.java[BootjarMojo~execute" StructureKind="java"/><InteractionEvent Delta="null" EndDate="2007-10-16 19:05:31.703 PDT" Interest="-3.4510002" Kind="manipulation" Navigation="null" OriginId="org.eclipse.mylyn.core.model.interest.decay" StartDate="2007-10-16 19:05:31.703 PDT" StructureHandle="=tc-maven-plugin/target\/classes\/org\/terracotta\/maven\/plugins\/tc&amp;lt;(DsoStartMojo.class" StructureKind="java"/><InteractionEvent Delta="null" EndDate="2007-10-16 18:58:09.156 PDT" Interest="4.0" Kind="prediction" Navigation="null" OriginId="org.eclipse.mylyn.ide.resource.interest.updater" StartDate="2007-10-16 18:38:57.359 PDT" StructureHandle="=tc-maven-plugin/target\/classes\/org\/terracotta\/maven\/plugins\/tc&amp;lt;(DsoStartMojo.class" StructureKind="java"/><InteractionEvent Delta="null" EndDate="2007-10-16 19:05:31.703 PDT" Interest="-3.4510002" Kind="manipulation" Navigation="null" OriginId="org.eclipse.mylyn.core.model.interest.decay" StartDate="2007-10-16 19:05:31.703 PDT" StructureHandle="=tc-maven-plugin/target\/classes\/org\/terracotta\/maven\/plugins\/tc\/cl&amp;lt;(CommandLineUtils$1.class" StructureKind="java"/><InteractionEvent Delta="null" EndDate="2007-10-16 18:58:09.421 PDT" Interest="4.0" Kind="prediction" Navigation="null" OriginId="org.eclipse.mylyn.ide.resource.interest.updater" StartDate="2007-10-16 18:38:57.359 PDT" StructureHandle="=tc-maven-plugin/target\/classes\/org\/terracotta\/maven\/plugins\/tc\/cl&amp;lt;(CommandLineUtils$1.class" StructureKind="java"/><InteractionEvent Delta="null" EndDate="2007-10-16 19:05:31.703 PDT" Interest="-3.4510002" Kind="manipulation" Navigation="null" OriginId="org.eclipse.mylyn.core.model.interest.decay" StartDate="2007-10-16 19:05:31.703 PDT" StructureHandle="/tc-maven-plugin/examples/tc-maven-plugin-sample/tc-config.xml" StructureKind="resource"/><InteractionEvent Delta="null" EndDate="2007-10-16 18:43:45.125 PDT" Interest="2.0" Kind="prediction" Navigation="null" OriginId="org.eclipse.mylyn.ide.resource.interest.updater" StartDate="2007-10-16 18:37:15.406 PDT" StructureHandle="/tc-maven-plugin/examples/tc-maven-plugin-sample/tc-config.xml" StructureKind="resource"/><InteractionEvent Delta="null" EndDate="2007-10-16 19:05:31.703 PDT" Interest="-0.289" Kind="manipulation" Navigation="null" OriginId="org.eclipse.mylyn.core.model.interest.decay" StartDate="2007-10-16 19:05:31.703 PDT" StructureHandle="/tc-maven-plugin/examples/tc-maven-plugin-sample/target/terracotta/logs/.terracotta-logging.lock" StructureKind="resource"/><InteractionEvent Delta="null" EndDate="2007-10-16 18:59:22.484 PDT" Interest="1.0" Kind="prediction" Navigation="null" OriginId="org.eclipse.mylyn.ide.resource.interest.updater" StartDate="2007-10-16 18:59:22.484 PDT" StructureHandle="/tc-maven-plugin/examples/tc-maven-plugin-sample/target/terracotta/logs/.terracotta-logging.lock" StructureKind="resource"/><InteractionEvent Delta="null" EndDate="2007-10-16 19:05:31.703 PDT" Interest="-0.289" Kind="manipulation" Navigation="null" OriginId="org.eclipse.mylyn.core.model.interest.decay" StartDate="2007-10-16 19:05:31.703 PDT" StructureHandle="/tc-maven-plugin/examples/tc-maven-plugin-sample/target/terracotta/data/objectdb/00000000.jdb" StructureKind="resource"/><InteractionEvent Delta="null" EndDate="2007-10-16 18:59:22.437 PDT" Interest="1.0" Kind="prediction" Navigation="null" OriginId="org.eclipse.mylyn.ide.resource.interest.updater" StartDate="2007-10-16 18:59:22.437 PDT" StructureHandle="/tc-maven-plugin/examples/tc-maven-plugin-sample/target/terracotta/data/objectdb/00000000.jdb" StructureKind="resource"/><InteractionEvent Delta="null" EndDate="2007-10-16 19:05:31.703 PDT" Interest="-3.4510002" Kind="manipulation" Navigation="null" OriginId="org.eclipse.mylyn.core.model.interest.decay" StartDate="2007-10-16 19:05:31.703 PDT" StructureHandle="=tc-maven-plugin/target\/classes\/org\/terracotta\/maven\/plugins\/tc&amp;lt;(ProcessConfiguration.class" StructureKind="java"/><InteractionEvent Delta="null" EndDate="2007-10-16 18:58:09.171 PDT" Interest="4.0" Kind="prediction" Navigation="null" OriginId="org.eclipse.mylyn.ide.resource.interest.updater" StartDate="2007-10-16 18:38:57.359 PDT" StructureHandle="=tc-maven-plugin/target\/classes\/org\/terracotta\/maven\/plugins\/tc&amp;lt;(ProcessConfiguration.class" StructureKind="java"/><InteractionEvent Delta="null" EndDate="2007-10-16 19:05:31.703 PDT" Interest="-2.2610002" Kind="manipulation" Navigation="null" OriginId="org.eclipse.mylyn.core.model.interest.decay" StartDate="2007-10-16 19:05:31.703 PDT" StructureHandle="=tc-maven-plugin/src\/main\/java&amp;lt;org.terracotta.maven.plugins.tc{AbstractDsoServerMojo.java" StructureKind="java"/><InteractionEvent Delta="null" EndDate="2007-10-16 18:46:28.578 PDT" Interest="7.0" Kind="selection" Navigation="null" OriginId="org.eclipse.jdt.ui.CompilationUnitEditor" StartDate="2007-10-16 18:44:16.218 PDT" StructureHandle="=tc-maven-plugin/src\/main\/java&amp;lt;org.terracotta.maven.plugins.tc{AbstractDsoServerMojo.java" StructureKind="java"/><InteractionEvent Delta="null" EndDate="2007-10-16 19:00:52.625 PDT" Interest="78.67202" Kind="propagation" Navigation="org.eclipse.mylyn.core.model.edges.containment" OriginId="org.eclipse.mylyn.core.model.interest.propagation" StartDate="2007-10-16 18:44:16.812 PDT" StructureHandle="=tc-maven-plugin/src\/main\/java&amp;lt;org.terracotta.maven.plugins.tc{AbstractDsoServerMojo.java" StructureKind="java"/><InteractionEvent Delta="null" EndDate="2007-10-16 19:05:31.703 PDT" Interest="-3.6720002" Kind="manipulation" Navigation="null" OriginId="org.eclipse.mylyn.core.model.interest.decay" StartDate="2007-10-16 19:05:31.703 PDT" StructureHandle="=tc-maven-plugin" StructureKind="java"/><InteractionEvent Delta="null" EndDate="2007-10-16 18:56:47.46 PDT" Interest="4.026" Kind="manipulation" Navigation="null" OriginId="org.eclipse.mylyn.core.model.interest.decay.correction" StartDate="2007-10-16 18:33:48.765 PDT" StructureHandle="=tc-maven-plugin" StructureKind="java"/><InteractionEvent Delta="null" EndDate="2007-10-16 19:00:52.625 PDT" Interest="177.978" Kind="propagation" Navigation="org.eclipse.mylyn.core.model.edges.containment" OriginId="org.eclipse.mylyn.core.model.interest.propagation" StartDate="2007-10-16 18:33:48.750 PDT" StructureHandle="=tc-maven-plugin" StructureKind="java"/><InteractionEvent Delta="null" EndDate="2007-10-16 19:05:31.703 PDT" Interest="-0.20400001" Kind="manipulation" Navigation="null" OriginId="org.eclipse.mylyn.core.model.interest.decay" StartDate="2007-10-16 19:05:31.703 PDT" StructureHandle="/tc-maven-plugin-sample/target/terracotta/logs/terracotta-server.log.1" StructureKind="resource"/><InteractionEvent Delta="null" EndDate="2007-10-16 19:00:17.703 PDT" Interest="1.0" Kind="prediction" Navigation="null" OriginId="org.eclipse.mylyn.ide.resource.interest.updater" StartDate="2007-10-16 19:00:17.703 PDT" StructureHandle="/tc-maven-plugin-sample/target/terracotta/logs/terracotta-server.log.1" StructureKind="resource"/><InteractionEvent Delta="null" EndDate="2007-10-16 19:05:31.703 PDT" Interest="-0.289" Kind="manipulation" Navigation="null" OriginId="org.eclipse.mylyn.core.model.interest.decay" StartDate="2007-10-16 19:05:31.703 PDT" StructureHandle="/tc-maven-plugin/examples/tc-maven-plugin-sample/target/terracotta/data/objectdb/je.lck" StructureKind="resource"/><InteractionEvent Delta="null" EndDate="2007-10-16 18:59:22.453 PDT" Interest="1.0" Kind="prediction" Navigation="null" OriginId="org.eclipse.mylyn.ide.resource.interest.updater" StartDate="2007-10-16 18:59:22.453 PDT" StructureHandle="/tc-maven-plugin/examples/tc-maven-plugin-sample/target/terracotta/data/objectdb/je.lck" StructureKind="resource"/><InteractionEvent Delta="null" EndDate="2007-10-16 19:05:31.703 PDT" Interest="-3.4510002" Kind="manipulation" Navigation="null" OriginId="org.eclipse.mylyn.core.model.interest.decay" StartDate="2007-10-16 19:05:31.703 PDT" StructureHandle="=tc-maven-plugin/target\/classes\/org\/terracotta\/maven\/plugins\/tc\/cl&amp;lt;(Arg.class" StructureKind="java"/><InteractionEvent Delta="null" EndDate="2007-10-16 18:58:09.187 PDT" Interest="4.0" Kind="prediction" Navigation="null" OriginId="org.eclipse.mylyn.ide.resource.interest.updater" StartDate="2007-10-16 18:38:57.359 PDT" StructureHandle="=tc-maven-plugin/target\/classes\/org\/terracotta\/maven\/plugins\/tc\/cl&amp;lt;(Arg.class" StructureKind="java"/><InteractionEvent Delta="null" EndDate="2007-10-16 19:05:31.703 PDT" Interest="-0.289" Kind="manipulation" Navigation="null" OriginId="org.eclipse.mylyn.core.model.interest.decay" StartDate="2007-10-16 19:05:31.703 PDT" StructureHandle="=tc-maven-plugin-sample/target\/classes\/org\/terracotta\/maven\/plugins\/tc\/test&amp;lt;(SampleUtils.class" StructureKind="java"/><InteractionEvent Delta="null" EndDate="2007-10-16 18:59:04.0 PDT" Interest="1.0" Kind="prediction" Navigation="null" OriginId="org.eclipse.mylyn.ide.resource.interest.updater" StartDate="2007-10-16 18:59:04.0 PDT" StructureHandle="=tc-maven-plugin-sample/target\/classes\/org\/terracotta\/maven\/plugins\/tc\/test&amp;lt;(SampleUtils.class" StructureKind="java"/><InteractionEvent Delta="null" EndDate="2007-10-16 19:05:31.703 PDT" Interest="-0.289" Kind="manipulation" Navigation="null" OriginId="org.eclipse.mylyn.core.model.interest.decay" StartDate="2007-10-16 19:05:31.703 PDT" StructureHandle="/tc-maven-plugin/examples/tc-maven-plugin-sample/target/terracotta/logs/terracotta-server.log.1" StructureKind="resource"/><InteractionEvent Delta="null" EndDate="2007-10-16 18:59:22.515 PDT" Interest="1.0" Kind="prediction" Navigation="null" OriginId="org.eclipse.mylyn.ide.resource.interest.updater" StartDate="2007-10-16 18:59:22.515 PDT" StructureHandle="/tc-maven-plugin/examples/tc-maven-plugin-sample/target/terracotta/logs/terracotta-server.log.1" StructureKind="resource"/><InteractionEvent Delta="null" EndDate="2007-10-16 19:05:31.703 PDT" Interest="-3.4510002" Kind="manipulation" Navigation="null" OriginId="org.eclipse.mylyn.core.model.interest.decay" StartDate="2007-10-16 19:05:31.703 PDT" StructureHandle="=tc-maven-plugin/target\/classes\/org\/terracotta\/maven\/plugins\/tc&amp;lt;(DsoAdminMojo.class" StructureKind="java"/><InteractionEvent Delta="null" EndDate="2007-10-16 18:58:09.62 PDT" Interest="4.0" Kind="prediction" Navigation="null" OriginId="org.eclipse.mylyn.ide.resource.interest.updater" StartDate="2007-10-16 18:38:57.359 PDT" StructureHandle="=tc-maven-plugin/target\/classes\/org\/terracotta\/maven\/plugins\/tc&amp;lt;(DsoAdminMojo.class" StructureKind="java"/><InteractionEvent Delta="null" EndDate="2007-10-16 19:05:31.703 PDT" Interest="-0.289" Kind="manipulation" Navigation="null" OriginId="org.eclipse.mylyn.core.model.interest.decay" StartDate="2007-10-16 19:05:31.703 PDT" StructureHandle="=tc-maven-plugin/examples\/tc-maven-plugin-sample\/target\/classes\/org\/terracotta\/maven\/plugins\/tc\/test&amp;lt;(SampleProcess.class" StructureKind="java"/><InteractionEvent Delta="null" EndDate="2007-10-16 18:59:04.0 PDT" Interest="1.0" Kind="prediction" Navigation="null" OriginId="org.eclipse.mylyn.ide.resource.interest.updater" StartDate="2007-10-16 18:59:04.0 PDT" StructureHandle="=tc-maven-plugin/examples\/tc-maven-plugin-sample\/target\/classes\/org\/terracotta\/maven\/plugins\/tc\/test&amp;lt;(SampleProcess.class" StructureKind="java"/><InteractionEvent Delta="null" EndDate="2007-10-16 19:05:31.703 PDT" Interest="-2.312" Kind="manipulation" Navigation="null" OriginId="org.eclipse.mylyn.core.model.interest.decay" StartDate="2007-10-16 19:05:31.703 PDT" StructureHandle="=tc-maven-plugin/src\/main\/java&amp;lt;org.terracotta.maven.plugins.tc{DsoStartMojo.java" StructureKind="java"/><InteractionEvent Delta="null" EndDate="2007-10-16 18:46:21.671 PDT" Interest="5.0" Kind="selection" Navigation="null" OriginId="org.eclipse.jdt.ui.CompilationUnitEditor" StartDate="2007-10-16 18:44:07.859 PDT" StructureHandle="=tc-maven-plugin/src\/main\/java&amp;lt;org.terracotta.maven.plugins.tc{DsoStartMojo.java" StructureKind="java"/><InteractionEvent Delta="null" EndDate="2007-10-16 18:46:25.750 PDT" Interest="2.7" Kind="propagation" Navigation="org.eclipse.mylyn.core.model.edges.containment" OriginId="org.eclipse.mylyn.core.model.interest.propagation" StartDate="2007-10-16 18:46:21.687 PDT" StructureHandle="=tc-maven-plugin/src\/main\/java&amp;lt;org.terracotta.maven.plugins.tc{DsoStartMojo.java" StructureKind="java"/><InteractionEvent Delta="null" EndDate="2007-10-16 18:44:09.203 PDT" Interest="1.0" Kind="edit" Navigation="null" OriginId="org.eclipse.jdt.ui.CompilationUnitEditor" StartDate="2007-10-16 18:44:09.203 PDT" StructureHandle="=tc-maven-plugin/src\/main\/java&amp;lt;org.terracotta.maven.plugins.tc{DsoStartMojo.java" StructureKind="java"/><InteractionEvent Delta="null" EndDate="2007-10-16 19:05:31.703 PDT" Interest="-3.4510002" Kind="manipulation" Navigation="null" OriginId="org.eclipse.mylyn.core.model.interest.decay" StartDate="2007-10-16 19:05:31.703 PDT" StructureHandle="=tc-maven-plugin/target\/classes\/org\/terracotta\/maven\/plugins\/tc\/cl&amp;lt;(CommandShell.class" StructureKind="java"/><InteractionEvent Delta="null" EndDate="2007-10-16 18:58:09.500 PDT" Interest="4.0" Kind="prediction" Navigation="null" OriginId="org.eclipse.mylyn.ide.resource.interest.updater" StartDate="2007-10-16 18:38:57.359 PDT" StructureHandle="=tc-maven-plugin/target\/classes\/org\/terracotta\/maven\/plugins\/tc\/cl&amp;lt;(CommandShell.class" StructureKind="java"/><InteractionEvent Delta="null" EndDate="2007-10-16 19:05:31.703 PDT" Interest="-3.6720002" Kind="manipulation" Navigation="null" OriginId="org.eclipse.mylyn.core.model.interest.decay" StartDate="2007-10-16 19:05:31.703 PDT" StructureHandle="" StructureKind="java"/><InteractionEvent Delta="null" EndDate="2007-10-16 18:56:47.46 PDT" Interest="4.026" Kind="manipulation" Navigation="null" OriginId="org.eclipse.mylyn.core.model.interest.decay.correction" StartDate="2007-10-16 18:33:48.765 PDT" StructureHandle="" StructureKind="java"/><InteractionEvent Delta="null" EndDate="2007-10-16 19:00:52.625 PDT" Interest="182.00401" Kind="propagation" Navigation="org.eclipse.mylyn.core.model.edges.containment" OriginId="org.eclipse.mylyn.core.model.interest.propagation" StartDate="2007-10-16 18:33:48.750 PDT" StructureHandle="" StructureKind="java"/><InteractionEvent Delta="null" EndDate="2007-10-16 19:05:31.703 PDT" Interest="-3.6380002" Kind="manipulation" Navigation="null" OriginId="org.eclipse.mylyn.core.model.interest.decay" StartDate="2007-10-16 19:05:31.703 PDT" StructureHandle="=tc-maven-plugin/src\/main\/java&amp;lt;org.terracotta.maven.plugins.tc{BootjarMojo.java[BootjarMojo" StructureKind="java"/><InteractionEvent Delta="null" EndDate="2007-10-16 18:33:49.312 PDT" Interest="1.0" Kind="selection" Navigation="null" OriginId="org.eclipse.jdt.ui.CompilationUnitEditor" StartDate="2007-10-16 18:33:49.312 PDT" StructureHandle="=tc-maven-plugin/src\/main\/java&amp;lt;org.terracotta.maven.plugins.tc{BootjarMojo.java[BootjarMojo" StructureKind="java"/><InteractionEvent Delta="null" EndDate="2007-10-16 18:41:19.859 PDT" Interest="1.003" Kind="manipulation" Navigation="null" OriginId="org.eclipse.mylyn.core.model.interest.decay.correction" StartDate="2007-10-16 18:41:19.859 PDT" StructureHandle="=tc-maven-plugin/src\/main\/java&amp;lt;org.terracotta.maven.plugins.tc{BootjarMojo.java[BootjarMojo" StructureKind="java"/><InteractionEvent Delta="null" EndDate="2007-10-16 18:42:14.765 PDT" Interest="48.661" Kind="propagation" Navigation="org.eclipse.mylyn.core.model.edges.containment" OriginId="org.eclipse.mylyn.core.model.interest.propagation" StartDate="2007-10-16 18:33:55.984 PDT" StructureHandle="=tc-maven-plugin/src\/main\/java&amp;lt;org.terracotta.maven.plugins.tc{BootjarMojo.java[BootjarMojo" StructureKind="java"/><InteractionEvent Delta="null" EndDate="2007-10-16 19:05:31.703 PDT" Interest="-3.4510002" Kind="manipulation" Navigation="null" OriginId="org.eclipse.mylyn.core.model.interest.decay" StartDate="2007-10-16 19:05:31.703 PDT" StructureHandle="=tc-maven-plugin/target\/classes\/org\/terracotta\/maven\/plugins\/tc&amp;lt;(DsoRunMojo.class" StructureKind="java"/><InteractionEvent Delta="null" EndDate="2007-10-16 18:58:09.140 PDT" Interest="4.0" Kind="prediction" Navigation="null" OriginId="org.eclipse.mylyn.ide.resource.interest.updater" StartDate="2007-10-16 18:38:57.359 PDT" StructureHandle="=tc-maven-plugin/target\/classes\/org\/terracotta\/maven\/plugins\/tc&amp;lt;(DsoRunMojo.class" StructureKind="java"/><InteractionEvent Delta="null" EndDate="2007-10-16 19:05:31.703 PDT" Interest="-3.4510002" Kind="manipulation" Navigation="null" OriginId="org.eclipse.mylyn.core.model.interest.decay" StartDate="2007-10-16 19:05:31.703 PDT" StructureHandle="=tc-maven-plugin/target\/classes\/org\/terracotta\/maven\/plugins\/tc\/cl&amp;lt;(BourneShell.class" StructureKind="java"/><InteractionEvent Delta="null" EndDate="2007-10-16 18:58:09.203 PDT" Interest="4.0" Kind="prediction" Navigation="null" OriginId="org.eclipse.mylyn.ide.resource.interest.updater" StartDate="2007-10-16 18:38:57.359 PDT" StructureHandle="=tc-maven-plugin/target\/classes\/org\/terracotta\/maven\/plugins\/tc\/cl&amp;lt;(BourneShell.class" StructureKind="java"/><InteractionEvent Delta="null" EndDate="2007-10-16 19:05:31.703 PDT" Interest="-3.2300003" Kind="manipulation" Navigation="null" OriginId="org.eclipse.mylyn.core.model.interest.decay" StartDate="2007-10-16 19:05:31.703 PDT" StructureHandle="=tc-maven-plugin/src\/main\/java&amp;lt;org.terracotta.maven.plugins.tc.cl{CommandLineUtils.java[CommandLineUtils" StructureKind="java"/><InteractionEvent Delta="null" EndDate="2007-10-16 18:39:56.671 PDT" Interest="1.017" Kind="manipulation" Navigation="null" OriginId="org.eclipse.mylyn.core.model.interest.decay.correction" StartDate="2007-10-16 18:39:56.671 PDT" StructureHandle="=tc-maven-plugin/src\/main\/java&amp;lt;org.terracotta.maven.plugins.tc.cl{CommandLineUtils.java[CommandLineUtils" StructureKind="java"/><InteractionEvent Delta="null" EndDate="2007-10-16 18:40:04.671 PDT" Interest="2.3660002" Kind="propagation" Navigation="org.eclipse.mylyn.core.model.edges.containment" OriginId="org.eclipse.mylyn.core.model.interest.propagation" StartDate="2007-10-16 18:39:54.93 PDT" StructureHandle="=tc-maven-plugin/src\/main\/java&amp;lt;org.terracotta.maven.plugins.tc.cl{CommandLineUtils.java[CommandLineUtils" StructureKind="java"/><InteractionEvent Delta="null" EndDate="2007-10-16 19:05:31.703 PDT" Interest="-0.289" Kind="manipulation" Navigation="null" OriginId="org.eclipse.mylyn.core.model.interest.decay" StartDate="2007-10-16 19:05:31.703 PDT" StructureHandle="=tc-maven-plugin/examples\/tc-maven-plugin-sample\/target\/classes\/org\/terracotta\/maven\/plugins\/tc\/test&amp;lt;(MasterProcess.class" StructureKind="java"/><InteractionEvent Delta="null" EndDate="2007-10-16 18:59:04.0 PDT" Interest="1.0" Kind="prediction" Navigation="null" OriginId="org.eclipse.mylyn.ide.resource.interest.updater" StartDate="2007-10-16 18:59:04.0 PDT" StructureHandle="=tc-maven-plugin/examples\/tc-maven-plugin-sample\/target\/classes\/org\/terracotta\/maven\/plugins\/tc\/test&amp;lt;(MasterProcess.class" StructureKind="java"/><InteractionEvent Delta="null" EndDate="2007-10-16 19:05:31.703 PDT" Interest="-3.4510002" Kind="manipulation" Navigation="null" OriginId="org.eclipse.mylyn.core.model.interest.decay" StartDate="2007-10-16 19:05:31.703 PDT" StructureHandle="=tc-maven-plugin/target\/classes\/org\/terracotta\/maven\/plugins\/tc&amp;lt;(ProcessConfigurationConverter.class" StructureKind="java"/><InteractionEvent Delta="null" EndDate="2007-10-16 18:58:09.187 PDT" Interest="4.0" Kind="prediction" Navigation="null" OriginId="org.eclipse.mylyn.ide.resource.interest.updater" StartDate="2007-10-16 18:38:57.359 PDT" StructureHandle="=tc-maven-plugin/target\/classes\/org\/terracotta\/maven\/plugins\/tc&amp;lt;(ProcessConfigurationConverter.class" StructureKind="java"/><InteractionEvent Delta="null" EndDate="2007-10-16 19:05:31.703 PDT" Interest="-0.20400001" Kind="manipulation" Navigation="null" OriginId="org.eclipse.mylyn.core.model.interest.decay" StartDate="2007-10-16 19:05:31.703 PDT" StructureHandle="/tc-maven-plugin-sample/target/terracotta/data/objectdb/00000000.jdb" StructureKind="resource"/><InteractionEvent Delta="null" EndDate="2007-10-16 19:00:17.703 PDT" Interest="1.0" Kind="prediction" Navigation="null" OriginId="org.eclipse.mylyn.ide.resource.interest.updater" StartDate="2007-10-16 19:00:17.703 PDT" StructureHandle="/tc-maven-plugin-sample/target/terracotta/data/objectdb/00000000.jdb" StructureKind="resource"/><InteractionEvent Delta="null" EndDate="2007-10-16 19:05:31.703 PDT" Interest="-2.2440002" Kind="manipulation" Navigation="null" OriginId="org.eclipse.mylyn.core.model.interest.decay" StartDate="2007-10-16 19:05:31.703 PDT" StructureHandle="=tc-maven-plugin/src\/main\/java&amp;lt;org.terracotta.maven.plugins.tc{AbstractDsoServerMojo.java[AbstractDsoServerMojo" StructureKind="java"/><InteractionEvent Delta="null" EndDate="2007-10-16 19:00:13.890 PDT" Interest="3.023" Kind="manipulation" Navigation="null" OriginId="org.eclipse.mylyn.core.model.interest.decay.correction" StartDate="2007-10-16 18:44:21.156 PDT" StructureHandle="=tc-maven-plugin/src\/main\/java&amp;lt;org.terracotta.maven.plugins.tc{AbstractDsoServerMojo.java[AbstractDsoServerMojo" StructureKind="java"/><InteractionEvent Delta="null" EndDate="2007-10-16 19:00:52.625 PDT" Interest="75.649" Kind="propagation" Navigation="org.eclipse.mylyn.core.model.edges.containment" OriginId="org.eclipse.mylyn.core.model.interest.propagation" StartDate="2007-10-16 18:44:16.812 PDT" StructureHandle="=tc-maven-plugin/src\/main\/java&amp;lt;org.terracotta.maven.plugins.tc{AbstractDsoServerMojo.java[AbstractDsoServerMojo" StructureKind="java"/><InteractionEvent Delta="null" EndDate="2007-10-16 19:05:31.703 PDT" Interest="-3.4510002" Kind="manipulation" Navigation="null" OriginId="org.eclipse.mylyn.core.model.interest.decay" StartDate="2007-10-16 19:05:31.703 PDT" StructureHandle="=tc-maven-plugin/target\/classes\/org\/terracotta\/maven\/plugins\/tc\/cl&amp;lt;(CommandLineUtils$StringStreamConsumer.class" StructureKind="java"/><InteractionEvent Delta="null" EndDate="2007-10-16 18:58:09.500 PDT" Interest="4.0" Kind="prediction" Navigation="null" OriginId="org.eclipse.mylyn.ide.resource.interest.updater" StartDate="2007-10-16 18:38:57.359 PDT" StructureHandle="=tc-maven-plugin/target\/classes\/org\/terracotta\/maven\/plugins\/tc\/cl&amp;lt;(CommandLineUtils$StringStreamConsumer.class" StructureKind="java"/><InteractionEvent Delta="null" EndDate="2007-10-16 19:05:31.703 PDT" Interest="-3.4510002" Kind="manipulation" Navigation="null" OriginId="org.eclipse.mylyn.core.model.interest.decay" StartDate="2007-10-16 19:05:31.703 PDT" StructureHandle="=tc-maven-plugin/target\/classes\/org\/terracotta\/maven\/plugins\/tc&amp;lt;(DsoSurefireMojo.class" StructureKind="java"/><InteractionEvent Delta="null" EndDate="2007-10-16 18:58:09.171 PDT" Interest="4.0" Kind="prediction" Navigation="null" OriginId="org.eclipse.mylyn.ide.resource.interest.updater" StartDate="2007-10-16 18:38:57.359 PDT" StructureHandle="=tc-maven-plugin/target\/classes\/org\/terracotta\/maven\/plugins\/tc&amp;lt;(DsoSurefireMojo.class" StructureKind="java"/><InteractionEvent Delta="null" EndDate="2007-10-16 19:05:31.703 PDT" Interest="-3.4510002" Kind="manipulation" Navigation="null" OriginId="org.eclipse.mylyn.core.model.interest.decay" StartDate="2007-10-16 19:05:31.703 PDT" StructureHandle="=tc-maven-plugin/target\/classes\/org\/terracotta\/maven\/plugins\/tc&amp;lt;(AbstractDsoMojo.class" StructureKind="java"/><InteractionEvent Delta="null" EndDate="2007-10-16 18:58:09.0 PDT" Interest="4.0" Kind="prediction" Navigation="null" OriginId="org.eclipse.mylyn.ide.resource.interest.updater" StartDate="2007-10-16 18:38:57.359 PDT" StructureHandle="=tc-maven-plugin/target\/classes\/org\/terracotta\/maven\/plugins\/tc&amp;lt;(AbstractDsoMojo.class" StructureKind="java"/><InteractionEvent Delta="null" EndDate="2007-10-16 19:05:31.703 PDT" Interest="-3.4510002" Kind="manipulation" Navigation="null" OriginId="org.eclipse.mylyn.core.model.interest.decay" StartDate="2007-10-16 19:05:31.703 PDT" StructureHandle="=tc-maven-plugin/target\/classes\/org\/terracotta\/maven\/plugins\/tc&amp;lt;(AbstractDsoRunMojo$Startable.class" StructureKind="java"/><InteractionEvent Delta="null" EndDate="2007-10-16 18:58:09.0 PDT" Interest="4.0" Kind="prediction" Navigation="null" OriginId="org.eclipse.mylyn.ide.resource.interest.updater" StartDate="2007-10-16 18:38:57.359 PDT" StructureHandle="=tc-maven-plugin/target\/classes\/org\/terracotta\/maven\/plugins\/tc&amp;lt;(AbstractDsoRunMojo$Startable.class" StructureKind="java"/><InteractionEvent Delta="null" EndDate="2007-10-16 19:05:31.703 PDT" Interest="-3.6720002" Kind="manipulation" Navigation="null" OriginId="org.eclipse.mylyn.core.model.interest.decay" StartDate="2007-10-16 19:05:31.703 PDT" StructureHandle="=tc-maven-plugin/src\/main\/java&amp;lt;org.terracotta.maven.plugins.tc{BootjarMojo.java" StructureKind="java"/><InteractionEvent Delta="null" EndDate="2007-10-16 18:40:05.421 PDT" Interest="5.0" Kind="selection" Navigation="null" OriginId="org.eclipse.jdt.ui.CompilationUnitEditor" StartDate="2007-10-16 18:33:48.750 PDT" StructureHandle="=tc-maven-plugin/src\/main\/java&amp;lt;org.terracotta.maven.plugins.tc{BootjarMojo.java" StructureKind="java"/><InteractionEvent Delta="null" EndDate="2007-10-16 18:42:14.765 PDT" Interest="50.663994" Kind="propagation" Navigation="org.eclipse.mylyn.core.model.edges.containment" OriginId="org.eclipse.mylyn.core.model.interest.propagation" StartDate="2007-10-16 18:33:49.312 PDT" StructureHandle="=tc-maven-plugin/src\/main\/java&amp;lt;org.terracotta.maven.plugins.tc{BootjarMojo.java" StructureKind="java"/><InteractionEvent Delta="null" EndDate="2007-10-16 19:05:31.703 PDT" Interest="-0.20400001" Kind="manipulation" Navigation="null" OriginId="org.eclipse.mylyn.core.model.interest.decay" StartDate="2007-10-16 19:05:31.703 PDT" StructureHandle="=tc-maven-plugin/src\/main\/java&amp;lt;org.terracotta.maven.plugins.tc{AbstractDsoServerMojo.java[AbstractDsoServerMojo~isRunning~QProcess;" StructureKind="java"/><InteractionEvent Delta="null" EndDate="2007-10-16 19:00:43.937 PDT" Interest="2.0" Kind="selection" Navigation="null" OriginId="org.eclipse.jdt.ui.CompilationUnitEditor" StartDate="2007-10-16 19:00:17.218 PDT" StructureHandle="=tc-maven-plugin/src\/main\/java&amp;lt;org.terracotta.maven.plugins.tc{AbstractDsoServerMojo.java[AbstractDsoServerMojo~isRunning~QProcess;" StructureKind="java"/><InteractionEvent Delta="null" EndDate="2007-10-16 19:05:31.703 PDT" Interest="-3.4510002" Kind="manipulation" Navigation="null" OriginId="org.eclipse.mylyn.core.model.interest.decay" StartDate="2007-10-16 19:05:31.703 PDT" StructureHandle="=tc-maven-plugin/target\/classes\/org\/terracotta\/maven\/plugins\/tc&amp;lt;(AbstractDsoMojo$MavenIllegalConfigurationChangeHandler.class" StructureKind="java"/><InteractionEvent Delta="null" EndDate="2007-10-16 18:58:08.937 PDT" Interest="4.0" Kind="prediction" Navigation="null" OriginId="org.eclipse.mylyn.ide.resource.interest.updater" StartDate="2007-10-16 18:38:57.359 PDT" StructureHandle="=tc-maven-plugin/target\/classes\/org\/terracotta\/maven\/plugins\/tc&amp;lt;(AbstractDsoMojo$MavenIllegalConfigurationChangeHandler.class" StructureKind="java"/><InteractionEvent Delta="null" EndDate="2007-10-16 19:05:31.703 PDT" Interest="-0.289" Kind="manipulation" Navigation="null" OriginId="org.eclipse.mylyn.core.model.interest.decay" StartDate="2007-10-16 19:05:31.703 PDT" StructureHandle="=tc-maven-plugin-sample/target\/classes\/org\/terracotta\/maven\/plugins\/tc\/test&amp;lt;(SampleProcess.class" StructureKind="java"/><InteractionEvent Delta="null" EndDate="2007-10-16 18:59:04.0 PDT" Interest="1.0" Kind="prediction" Navigation="null" OriginId="org.eclipse.mylyn.ide.resource.interest.updater" StartDate="2007-10-16 18:59:04.0 PDT" StructureHandle="=tc-maven-plugin-sample/target\/classes\/org\/terracotta\/maven\/plugins\/tc\/test&amp;lt;(SampleProcess.class" StructureKind="java"/><InteractionEvent Delta="null" EndDate="2007-10-16 19:05:31.703 PDT" Interest="-3.4510002" Kind="manipulation" Navigation="null" OriginId="org.eclipse.mylyn.core.model.interest.decay" StartDate="2007-10-16 19:05:31.703 PDT" StructureHandle="=tc-maven-plugin/target\/classes\/org\/terracotta\/maven\/plugins\/tc\/cl&amp;lt;(Commandline$Marker.class" StructureKind="java"/><InteractionEvent Delta="null" EndDate="2007-10-16 18:58:09.515 PDT" Interest="4.0" Kind="prediction" Navigation="null" OriginId="org.eclipse.mylyn.ide.resource.interest.updater" StartDate="2007-10-16 18:38:57.359 PDT" StructureHandle="=tc-maven-plugin/target\/classes\/org\/terracotta\/maven\/plugins\/tc\/cl&amp;lt;(Commandline$Marker.class" StructureKind="java"/><InteractionEvent Delta="null" EndDate="2007-10-16 19:05:31.703 PDT" Interest="-0.289" Kind="manipulation" Navigation="null" OriginId="org.eclipse.mylyn.core.model.interest.decay" StartDate="2007-10-16 19:05:31.703 PDT" StructureHandle="=tc-maven-plugin-sample/target\/classes\/org\/terracotta\/maven\/plugins\/tc\/test&amp;lt;(MasterProcess.class" StructureKind="java"/><InteractionEvent Delta="null" EndDate="2007-10-16 18:59:04.0 PDT" Interest="1.0" Kind="prediction" Navigation="null" OriginId="org.eclipse.mylyn.ide.resource.interest.updater" StartDate="2007-10-16 18:59:04.0 PDT" StructureHandle="=tc-maven-plugin-sample/target\/classes\/org\/terracotta\/maven\/plugins\/tc\/test&amp;lt;(MasterProcess.class" StructureKind="java"/><InteractionEvent Delta="null" EndDate="2007-10-16 19:05:31.703 PDT" Interest="-3.4510002" Kind="manipulation" Navigation="null" OriginId="org.eclipse.mylyn.core.model.interest.decay" StartDate="2007-10-16 19:05:31.703 PDT" StructureHandle="/tc-maven-plugin/target/classes/META-INF/maven/plugin.xml" StructureKind="plugin.xml"/><InteractionEvent Delta="null" EndDate="2007-10-16 18:58:08.890 PDT" Interest="4.0" Kind="prediction" Navigation="null" OriginId="org.eclipse.mylyn.ide.resource.interest.updater" StartDate="2007-10-16 18:38:57.359 PDT" StructureHandle="/tc-maven-plugin/target/classes/META-INF/maven/plugin.xml" StructureKind="plugin.xml"/><InteractionEvent Delta="null" EndDate="2007-10-16 19:05:31.703 PDT" Interest="-3.4510002" Kind="manipulation" Navigation="null" OriginId="org.eclipse.mylyn.core.model.interest.decay" StartDate="2007-10-16 19:05:31.703 PDT" StructureHandle="=tc-maven-plugin/target\/classes\/org\/terracotta\/maven\/plugins\/tc&amp;lt;(AbstractDsoRunMojo$CmdStartable.class" StructureKind="java"/><InteractionEvent Delta="null" EndDate="2007-10-16 18:58:09.0 PDT" Interest="4.0" Kind="prediction" Navigation="null" OriginId="org.eclipse.mylyn.ide.resource.interest.updater" StartDate="2007-10-16 18:38:57.359 PDT" StructureHandle="=tc-maven-plugin/target\/classes\/org\/terracotta\/maven\/plugins\/tc&amp;lt;(AbstractDsoRunMojo$CmdStartable.class" StructureKind="java"/><InteractionEvent Delta="null" EndDate="2007-10-16 19:05:31.703 PDT" Interest="-1.9720001" Kind="manipulation" Navigation="null" OriginId="org.eclipse.mylyn.core.model.interest.decay" StartDate="2007-10-16 19:05:31.703 PDT" StructureHandle="=tc-maven-plugin/src\/main\/java&amp;lt;org.terracotta.maven.plugins.tc{AbstractDsoMojo.java[AbstractDsoMojo" StructureKind="java"/><InteractionEvent Delta="null" EndDate="2007-10-16 18:45:13.78 PDT" Interest="1.017" Kind="manipulation" Navigation="null" OriginId="org.eclipse.mylyn.core.model.interest.decay.correction" StartDate="2007-10-16 18:45:13.78 PDT" StructureHandle="=tc-maven-plugin/src\/main\/java&amp;lt;org.terracotta.maven.plugins.tc{AbstractDsoMojo.java[AbstractDsoMojo" StructureKind="java"/><InteractionEvent Delta="null" EndDate="2007-10-16 18:45:50.265 PDT" Interest="9.112999" Kind="propagation" Navigation="org.eclipse.mylyn.core.model.edges.containment" OriginId="org.eclipse.mylyn.core.model.interest.propagation" StartDate="2007-10-16 18:45:10.203 PDT" StructureHandle="=tc-maven-plugin/src\/main\/java&amp;lt;org.terracotta.maven.plugins.tc{AbstractDsoMojo.java[AbstractDsoMojo" StructureKind="java"/><InteractionEvent Delta="null" EndDate="2007-10-16 19:05:31.703 PDT" Interest="-3.4510002" Kind="manipulation" Navigation="null" OriginId="org.eclipse.mylyn.core.model.interest.decay" StartDate="2007-10-16 19:05:31.703 PDT" StructureHandle="=tc-maven-plugin/target\/classes\/org\/terracotta\/maven\/plugins\/tc\/cl&amp;lt;(CmdShell.class" StructureKind="java"/><InteractionEvent Delta="null" EndDate="2007-10-16 18:58:09.312 PDT" Interest="4.0" Kind="prediction" Navigation="null" OriginId="org.eclipse.mylyn.ide.resource.interest.updater" StartDate="2007-10-16 18:38:57.359 PDT" StructureHandle="=tc-maven-plugin/target\/classes\/org\/terracotta\/maven\/plugins\/tc\/cl&amp;lt;(CmdShell.class" StructureKind="java"/><InteractionEvent Delta="null" EndDate="2007-10-16 19:05:31.703 PDT" Interest="-3.4510002" Kind="manipulation" Navigation="null" OriginId="org.eclipse.mylyn.core.model.interest.decay" StartDate="2007-10-16 19:05:31.703 PDT" StructureHandle="=tc-maven-plugin/target\/classes\/org\/terracotta\/maven\/plugins\/tc&amp;lt;(DsoTerminateMojo.class" StructureKind="java"/><InteractionEvent Delta="null" EndDate="2007-10-16 18:58:09.171 PDT" Interest="4.0" Kind="prediction" Navigation="null" OriginId="org.eclipse.mylyn.ide.resource.interest.updater" StartDate="2007-10-16 18:38:57.359 PDT" StructureHandle="=tc-maven-plugin/target\/classes\/org\/terracotta\/maven\/plugins\/tc&amp;lt;(DsoTerminateMojo.class" StructureKind="java"/><InteractionEvent Delta="null" EndDate="2007-10-16 19:05:31.703 PDT" Interest="-3.2470002" Kind="manipulation" Navigation="null" OriginId="org.eclipse.mylyn.core.model.interest.decay" StartDate="2007-10-16 19:05:31.703 PDT" StructureHandle="=tc-maven-plugin/src\/main\/java&amp;lt;org.terracotta.maven.plugins.tc.cl{CommandLineUtils.java" StructureKind="java"/><InteractionEvent Delta="null" EndDate="2007-10-16 18:39:53.484 PDT" Interest="1.0" Kind="selection" Navigation="null" OriginId="org.eclipse.jdt.ui.CompilationUnitEditor" StartDate="2007-10-16 18:39:53.484 PDT" StructureHandle="=tc-maven-plugin/src\/main\/java&amp;lt;org.terracotta.maven.plugins.tc.cl{CommandLineUtils.java" StructureKind="java"/><InteractionEvent Delta="null" EndDate="2007-10-16 18:40:04.671 PDT" Interest="3.3830001" Kind="propagation" Navigation="org.eclipse.mylyn.core.model.edges.containment" OriginId="org.eclipse.mylyn.core.model.interest.propagation" StartDate="2007-10-16 18:39:54.93 PDT" StructureHandle="=tc-maven-plugin/src\/main\/java&amp;lt;org.terracotta.maven.plugins.tc.cl{CommandLineUtils.java" StructureKind="java"/><InteractionEvent Delta="null" EndDate="2007-10-16 19:05:31.703 PDT" Interest="-0.20400001" Kind="manipulation" Navigation="null" OriginId="org.eclipse.mylyn.core.model.interest.decay" StartDate="2007-10-16 19:05:31.703 PDT" StructureHandle="/tc-maven-plugin-sample/target/terracotta/data/startup.lck" StructureKind="resource"/><InteractionEvent Delta="null" EndDate="2007-10-16 19:00:17.703 PDT" Interest="1.0" Kind="prediction" Navigation="null" OriginId="org.eclipse.mylyn.ide.resource.interest.updater" StartDate="2007-10-16 19:00:17.703 PDT" StructureHandle="/tc-maven-plugin-sample/target/terracotta/data/startup.lck" StructureKind="resource"/><InteractionEvent Delta="null" EndDate="2007-10-16 19:05:31.703 PDT" Interest="-0.289" Kind="manipulation" Navigation="null" OriginId="org.eclipse.mylyn.core.model.interest.decay" StartDate="2007-10-16 19:05:31.703 PDT" StructureHandle="/tc-maven-plugin/examples/tc-maven-plugin-sample/target/tc-maven-plugin-sample-0.0.2.jar" StructureKind="resource"/><InteractionEvent Delta="null" EndDate="2007-10-16 18:59:04.0 PDT" Interest="1.0" Kind="prediction" Navigation="null" OriginId="org.eclipse.mylyn.ide.resource.interest.updater" StartDate="2007-10-16 18:59:04.0 PDT" StructureHandle="/tc-maven-plugin/examples/tc-maven-plugin-sample/target/tc-maven-plugin-sample-0.0.2.jar" StructureKind="resource"/><InteractionEvent Delta="null" EndDate="2007-10-16 19:05:31.703 PDT" Interest="-3.2470002" Kind="manipulation" Navigation="null" OriginId="org.eclipse.mylyn.core.model.interest.decay" StartDate="2007-10-16 19:05:31.703 PDT" StructureHandle="=tc-maven-plugin/src\/main\/java&amp;lt;org.terracotta.maven.plugins.tc.cl" StructureKind="java"/><InteractionEvent Delta="null" EndDate="2007-10-16 18:39:54.93 PDT" Interest="1.017" Kind="manipulation" Navigation="null" OriginId="org.eclipse.mylyn.core.model.interest.decay.correction" StartDate="2007-10-16 18:39:54.93 PDT" StructureHandle="=tc-maven-plugin/src\/main\/java&amp;lt;org.terracotta.maven.plugins.tc.cl" StructureKind="java"/><InteractionEvent Delta="null" EndDate="2007-10-16 18:40:04.671 PDT" Interest="4.3830004" Kind="propagation" Navigation="org.eclipse.mylyn.core.model.edges.containment" OriginId="org.eclipse.mylyn.core.model.interest.propagation" StartDate="2007-10-16 18:39:53.484 PDT" StructureHandle="=tc-maven-plugin/src\/main\/java&amp;lt;org.terracotta.maven.plugins.tc.cl" StructureKind="java"/><InteractionEvent Delta="null" EndDate="2007-10-16 19:05:31.703 PDT" Interest="-2.006" Kind="manipulation" Navigation="null" OriginId="org.eclipse.mylyn.core.model.interest.decay" StartDate="2007-10-16 19:05:31.703 PDT" StructureHandle="=tc-maven-plugin/src\/main\/java&amp;lt;org.terracotta.maven.plugins.tc{AbstractDsoMojo.java" StructureKind="java"/><InteractionEvent Delta="null" EndDate="2007-10-16 18:45:50.250 PDT" Interest="5.0" Kind="selection" Navigation="null" OriginId="org.eclipse.jdt.ui.CompilationUnitEditor" StartDate="2007-10-16 18:45:09.687 PDT" StructureHandle="=tc-maven-plugin/src\/main\/java&amp;lt;org.terracotta.maven.plugins.tc{AbstractDsoMojo.java" StructureKind="java"/><InteractionEvent Delta="null" EndDate="2007-10-16 18:45:50.265 PDT" Interest="10.129999" Kind="propagation" Navigation="org.eclipse.mylyn.core.model.edges.containment" OriginId="org.eclipse.mylyn.core.model.interest.propagation" StartDate="2007-10-16 18:45:10.203 PDT" StructureHandle="=tc-maven-plugin/src\/main\/java&amp;lt;org.terracotta.maven.plugins.tc{AbstractDsoMojo.java" StructureKind="java"/><InteractionEvent Delta="null" EndDate="2007-10-16 19:05:31.703 PDT" Interest="-0.20400001" Kind="manipulation" Navigation="null" OriginId="org.eclipse.mylyn.core.model.interest.decay" StartDate="2007-10-16 19:05:31.703 PDT" StructureHandle="/tc-maven-plugin-sample/target/terracotta/logs/.terracotta-logging.lock" StructureKind="resource"/><InteractionEvent Delta="null" EndDate="2007-10-16 19:00:17.703 PDT" Interest="1.0" Kind="prediction" Navigation="null" OriginId="org.eclipse.mylyn.ide.resource.interest.updater" StartDate="2007-10-16 19:00:17.703 PDT" StructureHandle="/tc-maven-plugin-sample/target/terracotta/logs/.terracotta-logging.lock" StructureKind="resource"/><InteractionEvent Delta="null" EndDate="2007-10-16 19:05:31.703 PDT" Interest="-3.4510002" Kind="manipulation" Navigation="null" OriginId="org.eclipse.mylyn.core.model.interest.decay" StartDate="2007-10-16 19:05:31.703 PDT" StructureHandle="=tc-maven-plugin/target\/classes\/org\/terracotta\/maven\/plugins\/tc&amp;lt;(DsoRunIntegrationMojo.class" StructureKind="java"/><InteractionEvent Delta="null" EndDate="2007-10-16 18:58:09.140 PDT" Interest="4.0" Kind="prediction" Navigation="null" OriginId="org.eclipse.mylyn.ide.resource.interest.updater" StartDate="2007-10-16 18:38:57.359 PDT" StructureHandle="=tc-maven-plugin/target\/classes\/org\/terracotta\/maven\/plugins\/tc&amp;lt;(DsoRunIntegrationMojo.class" StructureKind="java"/><InteractionEvent Delta="null" EndDate="2007-10-16 19:05:31.703 PDT" Interest="-3.4510002" Kind="manipulation" Navigation="null" OriginId="org.eclipse.mylyn.core.model.interest.decay" StartDate="2007-10-16 19:05:31.703 PDT" StructureHandle="=tc-maven-plugin/target\/classes\/org\/terracotta\/maven\/plugins\/tc&amp;lt;(AbstractDsoMojo$1.class" StructureKind="java"/><InteractionEvent Delta="null" EndDate="2007-10-16 18:58:08.937 PDT" Interest="4.0" Kind="prediction" Navigation="null" OriginId="org.eclipse.mylyn.ide.resource.interest.updater" StartDate="2007-10-16 18:38:57.359 PDT" StructureHandle="=tc-maven-plugin/target\/classes\/org\/terracotta\/maven\/plugins\/tc&amp;lt;(AbstractDsoMojo$1.class" StructureKind="java"/><InteractionEvent Delta="null" EndDate="2007-10-16 19:05:31.703 PDT" Interest="-1.8190001" Kind="manipulation" Navigation="null" OriginId="org.eclipse.mylyn.core.model.interest.decay" StartDate="2007-10-16 19:05:31.703 PDT" StructureHandle="=tc-maven-plugin/src\/main\/java&amp;lt;org.terracotta.maven.plugins.tc{AbstractDsoRunMojo.java" StructureKind="java"/><InteractionEvent Delta="null" EndDate="2007-10-16 18:45:30.156 PDT" Interest="1.0" Kind="prediction" Navigation="null" OriginId="org.eclipse.mylyn.ide.resource.interest.updater" StartDate="2007-10-16 18:45:30.156 PDT" StructureHandle="=tc-maven-plugin/src\/main\/java&amp;lt;org.terracotta.maven.plugins.tc{AbstractDsoRunMojo.java" StructureKind="java"/><InteractionEvent Delta="null" EndDate="2007-10-16 19:05:31.703 PDT" Interest="-3.2300003" Kind="manipulation" Navigation="null" OriginId="org.eclipse.mylyn.core.model.interest.decay" StartDate="2007-10-16 19:05:31.703 PDT" StructureHandle="=tc-maven-plugin/src\/main\/java&amp;lt;org.terracotta.maven.plugins.tc.cl{CommandLineUtils.java[CommandLineUtils~executeCommandLine~QCommandline;~QInputStream;~QStreamConsumer;~QStreamConsumer;~Z" StructureKind="java"/><InteractionEvent Delta="null" EndDate="2007-10-16 18:39:54.93 PDT" Interest="1.0" Kind="selection" Navigation="null" OriginId="org.eclipse.jdt.ui.CompilationUnitEditor" StartDate="2007-10-16 18:39:54.93 PDT" StructureHandle="=tc-maven-plugin/src\/main\/java&amp;lt;org.terracotta.maven.plugins.tc.cl{CommandLineUtils.java[CommandLineUtils~executeCommandLine~QCommandline;~QInputStream;~QStreamConsumer;~QStreamConsumer;~Z" StructureKind="java"/><InteractionEvent Delta="null" EndDate="2007-10-16 18:40:04.671 PDT" Interest="2.0" Kind="edit" Navigation="null" OriginId="org.eclipse.jdt.ui.CompilationUnitEditor" StartDate="2007-10-16 18:39:56.671 PDT" StructureHandle="=tc-maven-plugin/src\/main\/java&amp;lt;org.terracotta.maven.plugins.tc.cl{CommandLineUtils.java[CommandLineUtils~executeCommandLine~QCommandline;~QInputStream;~QStreamConsumer;~QStreamConsumer;~Z" StructureKind="java"/><InteractionEvent Delta="null" EndDate="2007-10-16 19:05:31.703 PDT" Interest="-3.4510002" Kind="manipulation" Navigation="null" OriginId="org.eclipse.mylyn.core.model.interest.decay" StartDate="2007-10-16 19:05:31.703 PDT" StructureHandle="=tc-maven-plugin/target\/classes\/org\/terracotta\/maven\/plugins\/tc&amp;lt;(DsoStopMojo.class" StructureKind="java"/><InteractionEvent Delta="null" EndDate="2007-10-16 18:58:09.171 PDT" Interest="4.0" Kind="prediction" Navigation="null" OriginId="org.eclipse.mylyn.ide.resource.interest.updater" StartDate="2007-10-16 18:38:57.359 PDT" StructureHandle="=tc-maven-plugin/target\/classes\/org\/terracotta\/maven\/plugins\/tc&amp;lt;(DsoStopMojo.class" StructureKind="java"/><InteractionEvent Delta="null" EndDate="2007-10-16 19:05:31.703 PDT" Interest="-3.4510002" Kind="manipulation" Navigation="null" OriginId="org.eclipse.mylyn.core.model.interest.decay" StartDate="2007-10-16 19:05:31.703 PDT" StructureHandle="=tc-maven-plugin/target\/classes\/org\/terracotta\/maven\/plugins\/tc\/cl&amp;lt;(CommandLineException.class" StructureKind="java"/><InteractionEvent Delta="null" EndDate="2007-10-16 18:58:09.312 PDT" Interest="4.0" Kind="prediction" Navigation="null" OriginId="org.eclipse.mylyn.ide.resource.interest.updater" StartDate="2007-10-16 18:38:57.359 PDT" StructureHandle="=tc-maven-plugin/target\/classes\/org\/terracotta\/maven\/plugins\/tc\/cl&amp;lt;(CommandLineException.class" StructureKind="java"/><InteractionEvent Delta="null" EndDate="2007-10-16 19:05:31.703 PDT" Interest="-3.4510002" Kind="manipulation" Navigation="null" OriginId="org.eclipse.mylyn.core.model.interest.decay" StartDate="2007-10-16 19:05:31.703 PDT" StructureHandle="=tc-maven-plugin/target\/classes\/org\/terracotta\/maven\/plugins\/tc&amp;lt;(DsoSurefireMojo$SurefireThread.class" StructureKind="java"/><InteractionEvent Delta="null" EndDate="2007-10-16 18:58:09.171 PDT" Interest="4.0" Kind="prediction" Navigation="null" OriginId="org.eclipse.mylyn.ide.resource.interest.updater" StartDate="2007-10-16 18:38:57.359 PDT" StructureHandle="=tc-maven-plugin/target\/classes\/org\/terracotta\/maven\/plugins\/tc&amp;lt;(DsoSurefireMojo$SurefireThread.class" StructureKind="java"/><InteractionEvent Delta="null" EndDate="2007-10-16 19:05:31.703 PDT" Interest="-0.289" Kind="manipulation" Navigation="null" OriginId="org.eclipse.mylyn.core.model.interest.decay" StartDate="2007-10-16 19:05:31.703 PDT" StructureHandle="/tc-maven-plugin/examples/tc-maven-plugin-sample/target/terracotta/logs/terracotta-server.log" StructureKind="resource"/><InteractionEvent Delta="null" EndDate="2007-10-16 18:59:22.484 PDT" Interest="1.0" Kind="prediction" Navigation="null" OriginId="org.eclipse.mylyn.ide.resource.interest.updater" StartDate="2007-10-16 18:59:22.484 PDT" StructureHandle="/tc-maven-plugin/examples/tc-maven-plugin-sample/target/terracotta/logs/terracotta-server.log" StructureKind="resource"/><InteractionEvent Delta="null" EndDate="2007-10-16 19:05:31.703 PDT" Interest="-3.4510002" Kind="manipulation" Navigation="null" OriginId="org.eclipse.mylyn.core.model.interest.decay" StartDate="2007-10-16 19:05:31.703 PDT" StructureHandle="=tc-maven-plugin/target\/classes\/org\/terracotta\/maven\/plugins\/tc&amp;lt;(AbstractDsoMojo$ForkedProcessStreamConsumer.class" StructureKind="java"/><InteractionEvent Delta="null" EndDate="2007-10-16 18:58:08.937 PDT" Interest="4.0" Kind="prediction" Navigation="null" OriginId="org.eclipse.mylyn.ide.resource.interest.updater" StartDate="2007-10-16 18:38:57.359 PDT" StructureHandle="=tc-maven-plugin/target\/classes\/org\/terracotta\/maven\/plugins\/tc&amp;lt;(AbstractDsoMojo$ForkedProcessStreamConsumer.class" StructureKind="java"/><InteractionEvent Delta="null" EndDate="2007-10-16 19:05:31.703 PDT" Interest="-3.4510002" Kind="manipulation" Navigation="null" OriginId="org.eclipse.mylyn.core.model.interest.decay" StartDate="2007-10-16 19:05:31.703 PDT" StructureHandle="=tc-maven-plugin/target\/classes\/org\/terracotta\/maven\/plugins\/tc&amp;lt;(AbstractDsoMojo$MavenResolver.class" StructureKind="java"/><InteractionEvent Delta="null" EndDate="2007-10-16 18:58:08.937 PDT" Interest="4.0" Kind="prediction" Navigation="null" OriginId="org.eclipse.mylyn.ide.resource.interest.updater" StartDate="2007-10-16 18:38:57.359 PDT" StructureHandle="=tc-maven-plugin/target\/classes\/org\/terracotta\/maven\/plugins\/tc&amp;lt;(AbstractDsoMojo$MavenResolver.class" StructureKind="java"/><InteractionEvent Delta="null" EndDate="2007-10-16 19:05:31.703 PDT" Interest="-3.4510002" Kind="manipulation" Navigation="null" OriginId="org.eclipse.mylyn.core.model.interest.decay" StartDate="2007-10-16 19:05:31.703 PDT" StructureHandle="/tc-maven-plugin/target/classes/META-INF/plexus/components.xml" StructureKind="resource"/><InteractionEvent Delta="null" EndDate="2007-10-16 18:58:08.890 PDT" Interest="4.0" Kind="prediction" Navigation="null" OriginId="org.eclipse.mylyn.ide.resource.interest.updater" StartDate="2007-10-16 18:38:57.359 PDT" StructureHandle="/tc-maven-plugin/target/classes/META-INF/plexus/components.xml" StructureKind="resource"/><InteractionEvent Delta="null" EndDate="2007-10-16 19:05:31.703 PDT" Interest="-1.2750001" Kind="manipulation" Navigation="null" OriginId="org.eclipse.mylyn.core.model.interest.decay" StartDate="2007-10-16 19:05:31.703 PDT" StructureHandle="=tc-maven-plugin/src\/main\/java&amp;lt;org.terracotta.maven.plugins.tc{DsoStartMojo.java[DsoStartMojo" StructureKind="java"/><InteractionEvent Delta="null" EndDate="2007-10-16 18:46:25.750 PDT" Interest="1.017" Kind="manipulation" Navigation="null" OriginId="org.eclipse.mylyn.core.model.interest.decay.correction" StartDate="2007-10-16 18:46:25.750 PDT" StructureHandle="=tc-maven-plugin/src\/main\/java&amp;lt;org.terracotta.maven.plugins.tc{DsoStartMojo.java[DsoStartMojo" StructureKind="java"/><InteractionEvent Delta="null" EndDate="2007-10-16 18:46:25.750 PDT" Interest="1.6830001" Kind="propagation" Navigation="org.eclipse.mylyn.core.model.edges.containment" OriginId="org.eclipse.mylyn.core.model.interest.propagation" StartDate="2007-10-16 18:46:21.687 PDT" StructureHandle="=tc-maven-plugin/src\/main\/java&amp;lt;org.terracotta.maven.plugins.tc{DsoStartMojo.java[DsoStartMojo" StructureKind="java"/><InteractionEvent Delta="null" EndDate="2007-10-16 19:05:31.703 PDT" Interest="-3.4510002" Kind="manipulation" Navigation="null" OriginId="org.eclipse.mylyn.core.model.interest.decay" StartDate="2007-10-16 19:05:31.703 PDT" StructureHandle="=tc-maven-plugin/target\/classes\/org\/terracotta\/maven\/plugins\/tc&amp;lt;(AbstractDsoRunMojo.class" StructureKind="java"/><InteractionEvent Delta="null" EndDate="2007-10-16 18:58:09.0 PDT" Interest="4.0" Kind="prediction" Navigation="null" OriginId="org.eclipse.mylyn.ide.resource.interest.updater" StartDate="2007-10-16 18:38:57.359 PDT" StructureHandle="=tc-maven-plugin/target\/classes\/org\/terracotta\/maven\/plugins\/tc&amp;lt;(AbstractDsoRunMojo.class" StructureKind="java"/><InteractionEvent Delta="null" EndDate="2007-10-16 19:05:31.703 PDT" Interest="-0.289" Kind="manipulation" Navigation="null" OriginId="org.eclipse.mylyn.core.model.interest.decay" StartDate="2007-10-16 19:05:31.703 PDT" StructureHandle="/tc-maven-plugin-sample/target/tc-maven-plugin-sample-0.0.2.jar" StructureKind="resource"/><InteractionEvent Delta="null" EndDate="2007-10-16 18:59:04.0 PDT" Interest="1.0" Kind="prediction" Navigation="null" OriginId="org.eclipse.mylyn.ide.resource.interest.updater" StartDate="2007-10-16 18:59:04.0 PDT" StructureHandle="/tc-maven-plugin-sample/target/tc-maven-plugin-sample-0.0.2.jar" StructureKind="resource"/><InteractionEvent Delta="null" EndDate="2007-10-16 19:05:31.703 PDT" Interest="-3.4510002" Kind="manipulation" Navigation="null" OriginId="org.eclipse.mylyn.core.model.interest.decay" StartDate="2007-10-16 19:05:31.703 PDT" StructureHandle="=tc-maven-plugin/target\/classes\/org\/terracotta\/maven\/plugins\/tc\/cl&amp;lt;(Commandline$Argument.class" StructureKind="java"/><InteractionEvent Delta="null" EndDate="2007-10-16 18:58:09.500 PDT" Interest="4.0" Kind="prediction" Navigation="null" OriginId="org.eclipse.mylyn.ide.resource.interest.updater" StartDate="2007-10-16 18:38:57.359 PDT" StructureHandle="=tc-maven-plugin/target\/classes\/org\/terracotta\/maven\/plugins\/tc\/cl&amp;lt;(Commandline$Argument.class" StructureKind="java"/><InteractionEvent Delta="null" EndDate="2007-10-16 19:05:31.703 PDT" Interest="-3.4510002" Kind="manipulation" Navigation="null" OriginId="org.eclipse.mylyn.core.model.interest.decay" StartDate="2007-10-16 19:05:31.703 PDT" StructureHandle="=tc-maven-plugin/target\/classes\/org\/terracotta\/maven\/plugins\/tc&amp;lt;(AbstractDsoRunMojo$CargoStartable.class" StructureKind="java"/><InteractionEvent Delta="null" EndDate="2007-10-16 18:58:09.0 PDT" Interest="4.0" Kind="prediction" Navigation="null" OriginId="org.eclipse.mylyn.ide.resource.interest.updater" StartDate="2007-10-16 18:38:57.359 PDT" StructureHandle="=tc-maven-plugin/target\/classes\/org\/terracotta\/maven\/plugins\/tc&amp;lt;(AbstractDsoRunMojo$CargoStartable.class" StructureKind="java"/><InteractionEvent Delta="null" EndDate="2007-10-16 19:05:31.703 PDT" Interest="-3.4510002" Kind="manipulation" Navigation="null" OriginId="org.eclipse.mylyn.core.model.interest.decay" StartDate="2007-10-16 19:05:31.703 PDT" StructureHandle="=tc-maven-plugin/target\/classes\/org\/terracotta\/maven\/plugins\/tc&amp;lt;(DsoRunMojo$1.class" StructureKind="java"/><InteractionEvent Delta="null" EndDate="2007-10-16 18:58:09.140 PDT" Interest="4.0" Kind="prediction" Navigation="null" OriginId="org.eclipse.mylyn.ide.resource.interest.updater" StartDate="2007-10-16 18:38:57.359 PDT" StructureHandle="=tc-maven-plugin/target\/classes\/org\/terracotta\/maven\/plugins\/tc&amp;lt;(DsoRunMojo$1.class" StructureKind="java"/><InteractionEvent Delta="null" EndDate="2007-10-16 19:05:31.703 PDT" Interest="-3.4510002" Kind="manipulation" Navigation="null" OriginId="org.eclipse.mylyn.core.model.interest.decay" StartDate="2007-10-16 19:05:31.703 PDT" StructureHandle="/tc-maven-plugin-sample/tc-config.xml" StructureKind="resource"/><InteractionEvent Delta="null" EndDate="2007-10-16 18:43:45.125 PDT" Interest="2.0" Kind="prediction" Navigation="null" OriginId="org.eclipse.mylyn.ide.resource.interest.updater" StartDate="2007-10-16 18:37:15.406 PDT" StructureHandle="/tc-maven-plugin-sample/tc-config.xml" StructureKind="resource"/><InteractionEvent Delta="null" EndDate="2007-10-16 19:05:31.703 PDT" Interest="-3.4510002" Kind="manipulation" Navigation="null" OriginId="org.eclipse.mylyn.core.model.interest.decay" StartDate="2007-10-16 19:05:31.703 PDT" StructureHandle="=tc-maven-plugin/target\/classes\/org\/terracotta\/maven\/plugins\/tc&amp;lt;(BootjarMojo.class" StructureKind="java"/><InteractionEvent Delta="null" EndDate="2007-10-16 18:58:09.0 PDT" Interest="4.0" Kind="prediction" Navigation="null" OriginId="org.eclipse.mylyn.ide.resource.interest.updater" StartDate="2007-10-16 18:38:57.359 PDT" StructureHandle="=tc-maven-plugin/target\/classes\/org\/terracotta\/maven\/plugins\/tc&amp;lt;(BootjarMojo.class" StructureKind="java"/><InteractionEvent Delta="null" EndDate="2007-10-16 19:05:31.703 PDT" Interest="-0.20400001" Kind="manipulation" Navigation="null" OriginId="org.eclipse.mylyn.core.model.interest.decay" StartDate="2007-10-16 19:05:31.703 PDT" StructureHandle="/tc-maven-plugin-sample/target/terracotta/logs/terracotta-server.log" StructureKind="resource"/><InteractionEvent Delta="null" EndDate="2007-10-16 19:00:17.703 PDT" Interest="1.0" Kind="prediction" Navigation="null" OriginId="org.eclipse.mylyn.ide.resource.interest.updater" StartDate="2007-10-16 19:00:17.703 PDT" StructureHandle="/tc-maven-plugin-sample/target/terracotta/logs/terracotta-server.log" StructureKind="resource"/><InteractionEvent Delta="null" EndDate="2007-10-16 19:05:31.703 PDT" Interest="-3.4510002" Kind="manipulation" Navigation="null" OriginId="org.eclipse.mylyn.core.model.interest.decay" StartDate="2007-10-16 19:05:31.703 PDT" StructureHandle="=tc-maven-plugin/target\/classes\/org\/terracotta\/maven\/plugins\/tc\/cl&amp;lt;(Commandline.class" StructureKind="java"/><InteractionEvent Delta="null" EndDate="2007-10-16 18:58:09.515 PDT" Interest="4.0" Kind="prediction" Navigation="null" OriginId="org.eclipse.mylyn.ide.resource.interest.updater" StartDate="2007-10-16 18:38:57.359 PDT" StructureHandle="=tc-maven-plugin/target\/classes\/org\/terracotta\/maven\/plugins\/tc\/cl&amp;lt;(Commandline.class" StructureKind="java"/><InteractionEvent Delta="null" EndDate="2007-10-16 19:05:31.703 PDT" Interest="-3.4510002" Kind="manipulation" Navigation="null" OriginId="org.eclipse.mylyn.core.model.interest.decay" StartDate="2007-10-16 19:05:31.703 PDT" StructureHandle="=tc-maven-plugin/target\/classes\/org\/terracotta\/maven\/plugins\/tc&amp;lt;(DsoLifecycleMojo.class" StructureKind="java"/><InteractionEvent Delta="null" EndDate="2007-10-16 18:58:09.140 PDT" Interest="4.0" Kind="prediction" Navigation="null" OriginId="org.eclipse.mylyn.ide.resource.interest.updater" StartDate="2007-10-16 18:38:57.359 PDT" StructureHandle="=tc-maven-plugin/target\/classes\/org\/terracotta\/maven\/plugins\/tc&amp;lt;(DsoLifecycleMojo.class" StructureKind="java"/><InteractionEvent Delta="null" EndDate="2007-10-16 19:05:31.703 PDT" Interest="-3.4510002" Kind="manipulation" Navigation="null" OriginId="org.eclipse.mylyn.core.model.interest.decay" StartDate="2007-10-16 19:05:31.703 PDT" StructureHandle="/tc-maven-plugin/target/classes/META-INF/maven/lifecycle.xml" StructureKind="resource"/><InteractionEvent Delta="null" EndDate="2007-10-16 18:58:08.859 PDT" Interest="4.0" Kind="prediction" Navigation="null" OriginId="org.eclipse.mylyn.ide.resource.interest.updater" StartDate="2007-10-16 18:38:57.359 PDT" StructureHandle="/tc-maven-plugin/target/classes/META-INF/maven/lifecycle.xml" StructureKind="resource"/><InteractionEvent Delta="null" EndDate="2007-10-16 19:05:31.703 PDT" Interest="-2.2440002" Kind="manipulation" Navigation="null" OriginId="org.eclipse.mylyn.core.model.interest.decay" StartDate="2007-10-16 19:05:31.703 PDT" StructureHandle="=tc-maven-plugin/src\/main\/java&amp;lt;org.terracotta.maven.plugins.tc{AbstractDsoServerMojo.java[AbstractDsoServerMojo~start" StructureKind="java"/><InteractionEvent Delta="null" EndDate="2007-10-16 19:00:52.625 PDT" Interest="11.0" Kind="selection" Navigation="null" OriginId="org.eclipse.jdt.ui.CompilationUnitEditor" StartDate="2007-10-16 18:44:16.812 PDT" StructureHandle="=tc-maven-plugin/src\/main\/java&amp;lt;org.terracotta.maven.plugins.tc{AbstractDsoServerMojo.java[AbstractDsoServerMojo~start" StructureKind="java"/><InteractionEvent Delta="null" EndDate="2007-10-16 19:00:39.250 PDT" Interest="92.0" Kind="edit" Navigation="null" OriginId="org.eclipse.jdt.ui.CompilationUnitEditor" StartDate="2007-10-16 18:44:21.156 PDT" StructureHandle="=tc-maven-plugin/src\/main\/java&amp;lt;org.terracotta.maven.plugins.tc{AbstractDsoServerMojo.java[AbstractDsoServerMojo~start" StructureKind="java"/></InteractionHistory>