<?xml version="1.0" encoding="UTF-8"?>
<con:tc-config xmlns:con="http://www.terracotta.org/config">
  <servers>
    <server host="%i" name="localhost">
      <dso-port>9510</dso-port>
      <jmx-port>9520</jmx-port>
      <data>terracotta/server-data</data>
      <logs>terracotta/server-logs</logs>
      <statistics>terracotta/cluster-statistics</statistics>
      <dso>
        <persistence>
          <mode>temporary-swap-only</mode>
        </persistence>
        <garbage-collection>
          <verbose>true</verbose>
        </garbage-collection>
      </dso>
    </server>
    <update-check>
      <enabled>false</enabled>
    </update-check>
  </servers>
  <clients>
    <logs>terracotta/client-logs/%D</logs>
    <statistics>terracotta/client-statistics/%D</statistics>
    <modules>
      <module group-id="org.terracotta.modules" name="tim-quartz-1.6.1" version="1.0.0"/>
      <module group-id="org.terracotta.modules" name="clustered-commons-collections-3.1" version="2.7.1"/>
    </modules>
    <dso>
      <debugging>
        <runtime-logging>
          <new-object-debug>true</new-object-debug>
        </runtime-logging>
      </debugging>
    </dso>
  </clients>
  <application>
    <dso>
    	<web-applications>
    		<web-application>TestWeb</web-application>
    	</web-applications>
    	
      <additional-boot-jar-classes>
        <include>java.util.TimeZone</include>
        <include>sun.util.calendar.ZoneInfo</include>
      </additional-boot-jar-classes>
    </dso>
  </application>
</con:tc-config>