<?xml version="1.0" encoding="UTF-8" ?>
<!DOCTYPE log4j:configuration SYSTEM "log4j.dtd">

<log4j:configuration xmlns:log4j="http://jakarta.apache.org/log4j/">

	<appender name="stdoutAppender" class="org.apache.log4j.ConsoleAppender">
		<param name="Encoding" value="UTF-8"/>
		<layout class="org.apache.log4j.PatternLayout">
			<param name="ConversionPattern" value="%d %x[%t] %-5p %c - %m%n"/>    	
		</layout>
	</appender>
	
	
	<root>
		<priority value="debug" />
		<appender-ref ref="stdoutAppender"/>
	</root>

</log4j:configuration>
