<?xml version='1.0' encoding='UTF-8'?>
<deployment-plan xmlns="http://www.bea.com/ns/weblogic/90" xmlns:xsi="http://www.w3.org/2001/XMLSchema-instance" xsi:schemaLocation="http://www.bea.com/ns/weblogic/90 http://www.bea.com/ns/weblogic/90/weblogic-deployment-plan.xsd">
  <application-name>servicecacheEAR</application-name>
  <variable-definition>
    <variable>
      <name>Logging_logFilename_12732662794310</name>
      <value>servicecache.log</value>
    </variable>
    <variable>
      <name>Logging_logFileRotationDir_12732662794361</name>
      <value>c:\tmp\logs</value>
    </variable>
  </variable-definition>
  <module-override>
    <module-name>servicecache</module-name>
    <module-type>war</module-type>
    <module-descriptor external="false">
      <root-element>weblogic-web-app</root-element>
      <uri>WEB-INF/weblogic.xml</uri>
      <variable-assignment>
        <name>Logging_logFilename_12732662794310</name>
        <xpath>/weblogic-web-app/logging/log-filename</xpath>
      </variable-assignment>
      <variable-assignment>
        <name>Logging_logFileRotationDir_12732662794361</name>
        <xpath>/weblogic-web-app/logging/log-file-rotation-dir</xpath>
      </variable-assignment>
    </module-descriptor>
    <module-descriptor external="false">
      <root-element>web-app</root-element>
      <uri>WEB-INF/web.xml</uri>
    </module-descriptor>
  </module-override>
  <config-root xsi:nil="true"></config-root>
</deployment-plan>
