<?xml version="1.0" encoding="UTF-8"?><InteractionHistory Id="https://jira.terracotta.org/jira-16859" Version="1"><InteractionEvent Delta="null" EndDate="2007-05-26 13:50:25.533 EDT" Interest="-1.054" Kind="manipulation" Navigation="null" OriginId="org.eclipse.mylar.core.model.interest.decay" StartDate="2007-05-26 13:50:25.533 EDT" StructureHandle="/dso-spring-aj/build.eclipse/tests.system.classes/remoteContextHeader.txt" StructureKind="*"/><InteractionEvent Delta="null" EndDate="2007-05-26 13:46:56.689 EDT" Interest="2.0" Kind="prediction" Navigation="null" OriginId="org.eclipse.mylar.ide.resource.interest.updater" StartDate="2007-05-26 13:24:29.596 EDT" StructureHandle="/dso-spring-aj/build.eclipse/tests.system.classes/remoteContextHeader.txt" StructureKind="*"/><InteractionEvent Delta="null" EndDate="2007-05-26 13:50:25.533 EDT" Interest="-1.0370001" Kind="manipulation" Navigation="null" OriginId="org.eclipse.mylar.core.model.interest.decay" StartDate="2007-05-26 13:50:25.533 EDT" StructureHandle="=common/src.resources&amp;lt;com.tc.config.schema" StructureKind="java"/><InteractionEvent Delta="null" EndDate="2007-05-26 13:25:26.611 EDT" Interest="2.0" Kind="selection" Navigation="null" OriginId="org.eclipse.jdt.ui.PackageExplorer" StartDate="2007-05-26 13:25:17.127 EDT" StructureHandle="=common/src.resources&amp;lt;com.tc.config.schema" StructureKind="java"/><InteractionEvent Delta="null" EndDate="2007-05-26 13:25:25.127 EDT" Interest="0.11899996" Kind="manipulation" Navigation="null" OriginId="org.eclipse.mylar.core.model.interest.decay.correction" StartDate="2007-05-26 13:25:06.814 EDT" StructureHandle="=common/src.resources&amp;lt;com.tc.config.schema" StructureKind="java"/><InteractionEvent Delta="null" EndDate="2007-05-26 13:46:58.814 EDT" Interest="42.630997" Kind="propagation" Navigation="org.eclipse.mylar.core.model.edges.containment" OriginId="org.eclipse.mylar.core.model.interest.propagation" StartDate="2007-05-26 13:25:05.267 EDT" StructureHandle="=common/src.resources&amp;lt;com.tc.config.schema" StructureKind="java"/><InteractionEvent Delta="null" EndDate="2007-05-26 13:50:25.533 EDT" Interest="-1.054" Kind="manipulation" Navigation="null" OriginId="org.eclipse.mylar.core.model.interest.decay" StartDate="2007-05-26 13:50:25.533 EDT" StructureHandle="/dso-spring-aj/build.eclipse/tests.system.classes/remoteContextFooter.txt" StructureKind="*"/><InteractionEvent Delta="null" EndDate="2007-05-26 13:46:56.689 EDT" Interest="2.0" Kind="prediction" Navigation="null" OriginId="org.eclipse.mylar.ide.resource.interest.updater" StartDate="2007-05-26 13:24:29.596 EDT" StructureHandle="/dso-spring-aj/build.eclipse/tests.system.classes/remoteContextFooter.txt" StructureKind="*"/><InteractionEvent Delta="null" EndDate="2007-05-26 13:50:25.533 EDT" Interest="-1.054" Kind="manipulation" Navigation="null" OriginId="org.eclipse.mylar.core.model.interest.decay" StartDate="2007-05-26 13:50:25.533 EDT" StructureHandle="=dso-spring-aj/build.eclipse\/tests.system.classes\/com\/tctest\/spring\/aj&amp;lt;(InstrumentedBean.class" StructureKind="java"/><InteractionEvent Delta="null" EndDate="2007-05-26 13:24:30.642 EDT" Interest="1.0" Kind="prediction" Navigation="null" OriginId="org.eclipse.mylar.ide.resource.interest.updater" StartDate="2007-05-26 13:24:30.642 EDT" StructureHandle="=dso-spring-aj/build.eclipse\/tests.system.classes\/com\/tctest\/spring\/aj&amp;lt;(InstrumentedBean.class" StructureKind="java"/><InteractionEvent Delta="null" EndDate="2007-05-26 13:50:25.533 EDT" Interest="-1.054" Kind="manipulation" Navigation="null" OriginId="org.eclipse.mylar.core.model.interest.decay" StartDate="2007-05-26 13:50:25.533 EDT" StructureHandle="=dso-spring-aj/build.eclipse\/tests.system.classes\/com\/tctest\/spring\/aj&amp;lt;(ConfigurableBean.class" StructureKind="java"/><InteractionEvent Delta="null" EndDate="2007-05-26 13:24:30.642 EDT" Interest="1.0" Kind="prediction" Navigation="null" OriginId="org.eclipse.mylar.ide.resource.interest.updater" StartDate="2007-05-26 13:24:30.642 EDT" StructureHandle="=dso-spring-aj/build.eclipse\/tests.system.classes\/com\/tctest\/spring\/aj&amp;lt;(ConfigurableBean.class" StructureKind="java"/><InteractionEvent Delta="null" EndDate="2007-05-26 13:50:25.533 EDT" Interest="-1.054" Kind="manipulation" Navigation="null" OriginId="org.eclipse.mylar.core.model.interest.decay" StartDate="2007-05-26 13:50:25.533 EDT" StructureHandle="=dso-spring-aj/tests.system&amp;lt;com.tctest.spring.aj{InstrumentedBean.java" StructureKind="java"/><InteractionEvent Delta="null" EndDate="2007-05-26 13:46:56.689 EDT" Interest="2.0" Kind="prediction" Navigation="null" OriginId="org.eclipse.mylar.ide.resource.interest.updater" StartDate="2007-05-26 13:24:29.596 EDT" StructureHandle="=dso-spring-aj/tests.system&amp;lt;com.tctest.spring.aj{InstrumentedBean.java" StructureKind="java"/><InteractionEvent Delta="null" EndDate="2007-05-26 13:50:25.533 EDT" Interest="-1.054" Kind="manipulation" Navigation="null" OriginId="org.eclipse.mylar.core.model.interest.decay" StartDate="2007-05-26 13:50:25.533 EDT" StructureHandle="=dso-spring-aj/build.eclipse\/tests.system.classes\/com\/tctest\/spring\/aj&amp;lt;(IInstrumentedBean.class" StructureKind="java"/><InteractionEvent Delta="null" EndDate="2007-05-26 13:24:30.642 EDT" Interest="1.0" Kind="prediction" Navigation="null" OriginId="org.eclipse.mylar.ide.resource.interest.updater" StartDate="2007-05-26 13:24:30.642 EDT" StructureHandle="=dso-spring-aj/build.eclipse\/tests.system.classes\/com\/tctest\/spring\/aj&amp;lt;(IInstrumentedBean.class" StructureKind="java"/><InteractionEvent Delta="null" EndDate="2007-05-26 13:50:25.533 EDT" Interest="-1.054" Kind="manipulation" Navigation="null" OriginId="org.eclipse.mylar.core.model.interest.decay" StartDate="2007-05-26 13:50:25.533 EDT" StructureHandle="/common/src.resources/com/tc/config/schema/terracotta-3.xsd" StructureKind="*"/><InteractionEvent Delta="null" EndDate="2007-05-26 13:32:09.205 EDT" Interest="6.0" Kind="selection" Navigation="null" OriginId="org.eclipse.wst.xsd.ui.internal.editor.InternalXSDMultiPageEditor" StartDate="2007-05-26 13:25:05.267 EDT" StructureHandle="/common/src.resources/com/tc/config/schema/terracotta-3.xsd" StructureKind="*"/><InteractionEvent Delta="null" EndDate="2007-05-26 13:46:55.314 EDT" Interest="23.0" Kind="edit" Navigation="null" OriginId="org.eclipse.wst.xsd.ui.internal.editor.InternalXSDMultiPageEditor" StartDate="2007-05-26 13:25:14.392 EDT" StructureHandle="/common/src.resources/com/tc/config/schema/terracotta-3.xsd" StructureKind="*"/><InteractionEvent Delta="null" EndDate="2007-05-26 13:24:06.439 EDT" Interest="1.0" Kind="prediction" Navigation="null" OriginId="org.eclipse.mylar.ide.resource.interest.updater" StartDate="2007-05-26 13:24:06.439 EDT" StructureHandle="/common/src.resources/com/tc/config/schema/terracotta-3.xsd" StructureKind="*"/><InteractionEvent Delta="null" EndDate="2007-05-26 13:50:25.533 EDT" Interest="-1.054" Kind="manipulation" Navigation="null" OriginId="org.eclipse.mylar.core.model.interest.decay" StartDate="2007-05-26 13:50:25.533 EDT" StructureHandle="/dso-spring-aj/build.eclipse/tests.system.classes/com/tctest/spring/aj/beanfactory-aspectj.xml" StructureKind="*"/><InteractionEvent Delta="null" EndDate="2007-05-26 13:46:56.689 EDT" Interest="2.0" Kind="prediction" Navigation="null" OriginId="org.eclipse.mylar.ide.resource.interest.updater" StartDate="2007-05-26 13:24:29.596 EDT" StructureHandle="/dso-spring-aj/build.eclipse/tests.system.classes/com/tctest/spring/aj/beanfactory-aspectj.xml" StructureKind="*"/><InteractionEvent Delta="null" EndDate="2007-05-26 13:50:25.533 EDT" Interest="-1.054" Kind="manipulation" Navigation="null" OriginId="org.eclipse.mylar.core.model.interest.decay" StartDate="2007-05-26 13:50:25.533 EDT" StructureHandle="/dso-spring-aj/build.eclipse/tests.system.classes/log4j.properties" StructureKind="*"/><InteractionEvent Delta="null" EndDate="2007-05-26 13:46:56.689 EDT" Interest="2.0" Kind="prediction" Navigation="null" OriginId="org.eclipse.mylar.ide.resource.interest.updater" StartDate="2007-05-26 13:24:29.596 EDT" StructureHandle="/dso-spring-aj/build.eclipse/tests.system.classes/log4j.properties" StructureKind="*"/><InteractionEvent Delta="null" EndDate="2007-05-26 13:50:25.533 EDT" Interest="-1.054" Kind="manipulation" Navigation="null" OriginId="org.eclipse.mylar.core.model.interest.decay" StartDate="2007-05-26 13:50:25.533 EDT" StructureHandle="=dso-spring-aj/tests.system&amp;lt;com.tctest.spring.aj{GetFieldAspect.aj" StructureKind="java"/><InteractionEvent Delta="null" EndDate="2007-05-26 13:46:56.689 EDT" Interest="2.0" Kind="prediction" Navigation="null" OriginId="org.eclipse.mylar.ide.resource.interest.updater" StartDate="2007-05-26 13:24:29.596 EDT" StructureHandle="=dso-spring-aj/tests.system&amp;lt;com.tctest.spring.aj{GetFieldAspect.aj" StructureKind="java"/><InteractionEvent Delta="null" EndDate="2007-05-26 13:50:25.533 EDT" Interest="-1.054" Kind="manipulation" Navigation="null" OriginId="org.eclipse.mylar.core.model.interest.decay" StartDate="2007-05-26 13:50:25.533 EDT" StructureHandle="/dso-spring-aj/build.eclipse/tests.system.classes/tc-config-files/aspectj-tc-config.xml" StructureKind="*"/><InteractionEvent Delta="null" EndDate="2007-05-26 13:46:56.689 EDT" Interest="2.0" Kind="prediction" Navigation="null" OriginId="org.eclipse.mylar.ide.resource.interest.updater" StartDate="2007-05-26 13:24:29.596 EDT" StructureHandle="/dso-spring-aj/build.eclipse/tests.system.classes/tc-config-files/aspectj-tc-config.xml" StructureKind="*"/><InteractionEvent Delta="null" EndDate="2007-05-26 13:50:25.533 EDT" Interest="-1.054" Kind="manipulation" Navigation="null" OriginId="org.eclipse.mylar.core.model.interest.decay" StartDate="2007-05-26 13:50:25.533 EDT" StructureHandle="=dso-spring-aj/build.eclipse\/tests.system.classes\/com\/tctest\/spring\/aj&amp;lt;(AspectJTest.class" StructureKind="java"/><InteractionEvent Delta="null" EndDate="2007-05-26 13:24:30.642 EDT" Interest="1.0" Kind="prediction" Navigation="null" OriginId="org.eclipse.mylar.ide.resource.interest.updater" StartDate="2007-05-26 13:24:30.642 EDT" StructureHandle="=dso-spring-aj/build.eclipse\/tests.system.classes\/com\/tctest\/spring\/aj&amp;lt;(AspectJTest.class" StructureKind="java"/><InteractionEvent Delta="null" EndDate="2007-05-26 13:50:25.533 EDT" Interest="-1.0370001" Kind="manipulation" Navigation="null" OriginId="org.eclipse.mylar.core.model.interest.decay" StartDate="2007-05-26 13:50:25.533 EDT" StructureHandle="=common/src.resources" StructureKind="java"/><InteractionEvent Delta="null" EndDate="2007-05-26 13:25:26.111 EDT" Interest="2.0" Kind="selection" Navigation="null" OriginId="org.eclipse.jdt.ui.PackageExplorer" StartDate="2007-05-26 13:25:23.767 EDT" StructureHandle="=common/src.resources" StructureKind="java"/><InteractionEvent Delta="null" EndDate="2007-05-26 13:25:06.814 EDT" Interest="1.017" Kind="manipulation" Navigation="null" OriginId="org.eclipse.mylar.core.model.interest.decay.correction" StartDate="2007-05-26 13:25:06.814 EDT" StructureHandle="=common/src.resources" StructureKind="java"/><InteractionEvent Delta="null" EndDate="2007-05-26 13:46:58.814 EDT" Interest="52.262978" Kind="propagation" Navigation="org.eclipse.mylar.core.model.edges.containment" OriginId="org.eclipse.mylar.core.model.interest.propagation" StartDate="2007-05-26 13:25:05.267 EDT" StructureHandle="=common/src.resources" StructureKind="java"/><InteractionEvent Delta="null" EndDate="2007-05-26 13:50:25.533 EDT" Interest="-1.0370001" Kind="manipulation" Navigation="null" OriginId="org.eclipse.mylar.core.model.interest.decay" StartDate="2007-05-26 13:50:25.533 EDT" StructureHandle="=common" StructureKind="java"/><InteractionEvent Delta="null" EndDate="2007-05-26 13:46:58.721 EDT" Interest="2.02" Kind="manipulation" Navigation="null" OriginId="org.eclipse.mylar.core.model.interest.decay.correction" StartDate="2007-05-26 13:25:06.814 EDT" StructureHandle="=common" StructureKind="java"/><InteractionEvent Delta="null" EndDate="2007-05-26 13:46:58.814 EDT" Interest="55.245975" Kind="propagation" Navigation="org.eclipse.mylar.core.model.edges.containment" OriginId="org.eclipse.mylar.core.model.interest.propagation" StartDate="2007-05-26 13:25:05.267 EDT" StructureHandle="=common" StructureKind="java"/><InteractionEvent Delta="null" EndDate="2007-05-26 13:50:25.533 EDT" Interest="-1.054" Kind="manipulation" Navigation="null" OriginId="org.eclipse.mylar.core.model.interest.decay" StartDate="2007-05-26 13:50:25.533 EDT" StructureHandle="=dso-spring-aj/build.eclipse\/tests.system.classes\/com\/tctest\/spring\/aj&amp;lt;(GetFieldAspect.class" StructureKind="java"/><InteractionEvent Delta="null" EndDate="2007-05-26 13:24:30.642 EDT" Interest="1.0" Kind="prediction" Navigation="null" OriginId="org.eclipse.mylar.ide.resource.interest.updater" StartDate="2007-05-26 13:24:30.642 EDT" StructureHandle="=dso-spring-aj/build.eclipse\/tests.system.classes\/com\/tctest\/spring\/aj&amp;lt;(GetFieldAspect.class" StructureKind="java"/><InteractionEvent Delta="null" EndDate="2007-05-26 13:50:25.533 EDT" Interest="-1.054" Kind="manipulation" Navigation="null" OriginId="org.eclipse.mylar.core.model.interest.decay" StartDate="2007-05-26 13:50:25.533 EDT" StructureHandle="=dso-spring-aj/tests.system&amp;lt;com.tctest.spring.aj{ConfigurableBean.java" StructureKind="java"/><InteractionEvent Delta="null" EndDate="2007-05-26 13:46:56.689 EDT" Interest="2.0" Kind="prediction" Navigation="null" OriginId="org.eclipse.mylar.ide.resource.interest.updater" StartDate="2007-05-26 13:24:29.596 EDT" StructureHandle="=dso-spring-aj/tests.system&amp;lt;com.tctest.spring.aj{ConfigurableBean.java" StructureKind="java"/><InteractionEvent Delta="null" EndDate="2007-05-26 13:50:25.533 EDT" Interest="-1.0370001" Kind="manipulation" Navigation="null" OriginId="org.eclipse.mylar.core.model.interest.decay" StartDate="2007-05-26 13:50:25.533 EDT" StructureHandle="" StructureKind="java"/><InteractionEvent Delta="null" EndDate="2007-05-26 13:46:58.721 EDT" Interest="2.02" Kind="manipulation" Navigation="null" OriginId="org.eclipse.mylar.core.model.interest.decay.correction" StartDate="2007-05-26 13:25:06.814 EDT" StructureHandle="" StructureKind="java"/><InteractionEvent Delta="null" EndDate="2007-05-26 13:46:58.814 EDT" Interest="57.265976" Kind="propagation" Navigation="org.eclipse.mylar.core.model.edges.containment" OriginId="org.eclipse.mylar.core.model.interest.propagation" StartDate="2007-05-26 13:25:05.267 EDT" StructureHandle="" StructureKind="java"/><InteractionEvent Delta="null" EndDate="2007-05-26 13:50:25.533 EDT" Interest="-0.86700004" Kind="manipulation" Navigation="null" OriginId="org.eclipse.mylar.core.model.interest.decay" StartDate="2007-05-26 13:50:25.533 EDT" StructureHandle="/common/src.resources/com/tc/config/schema/aaa.txt" StructureKind="*"/><InteractionEvent Delta="null" EndDate="2007-05-26 13:46:58.814 EDT" Interest="4.0" Kind="selection" Navigation="null" OriginId="org.eclipse.jdt.ui.PackageExplorer" StartDate="2007-05-26 13:25:38.627 EDT" StructureHandle="/common/src.resources/com/tc/config/schema/aaa.txt" StructureKind="*"/><InteractionEvent Delta="null" EndDate="2007-05-26 13:28:54.361 EDT" Interest="25.0" Kind="edit" Navigation="null" OriginId="org.eclipse.ui.DefaultTextEditor" StartDate="2007-05-26 13:25:38.689 EDT" StructureHandle="/common/src.resources/com/tc/config/schema/aaa.txt" StructureKind="*"/><InteractionEvent Delta="null" EndDate="2007-05-26 13:47:04.80 EDT" Interest="-21.633" Kind="manipulation" Navigation="null" OriginId="org.eclipse.mylar.ide.editor.tracker.interest" StartDate="2007-05-26 13:47:04.80 EDT" StructureHandle="/common/src.resources/com/tc/config/schema/aaa.txt" StructureKind="*"/></InteractionHistory>