<?xml version="1.0" encoding="UTF-8"?>
<!--All content copyright (c) 2003-2008 Terracotta, Inc., except as may
		otherwise be noted in a separate copyright notice. All rights reserved-->
<tc:tc-config xmlns:tc="http://www.terracotta.org/config">
  <system>
    <configuration-model>development</configuration-model>
  </system>
  <servers>
    <server host="localhost">
      <dso-port>23912</dso-port>
      <jmx-port>15772</jmx-port>
      <data>terracotta/server-data</data>
      <logs>terracotta/server-logs</logs>
      <statistics>terracotta/server-stats</statistics>
    </server>
  </servers>
  <clients>
    <logs>terracotta/client-logs</logs>
    <statistics>terracotta/client-stats</statistics>
  </clients>
</tc:tc-config>