<?xml version="1.0" encoding="UTF-8"?>
<con:tc-config xmlns:con="http://www.terracotta.org/config">
  <servers>
    <server host="localhost" name="localhost">
      <dso-port>9510</dso-port>
      <jmx-port>9520</jmx-port>
      <data>terracotta/server-data</data>
      <logs>terracotta/server-logs</logs>
      <statistics>terracotta/cluster-statistics</statistics>
    </server>
    <update-check>
      <enabled>true</enabled>
    </update-check>
  </servers>
  <clients>
    <logs>terracotta/client-logs</logs>
    <statistics>terracotta/client-statistics/%D</statistics>
    <modules>
      <module group-id="org.terracotta.modules" name="tim-ehcache-1.3" version="1.1.1"/>
    </modules>
  </clients>
  <application>
    <spring>
      <jee-application name="*">
        <application-contexts>
          <application-context>
            <paths>
              <path>app.xml</path>
            </paths>
            <!--<beans>
              <bean name="counterIDGenerator"/>
            </beans>-->
          </application-context>
        </application-contexts>
      </jee-application>
    </spring>
    <dso>
      <instrumented-classes/>
      <roots>
        <root>
          <field-name>org.springframework.cache.ehcache.EhCacheManagerFactoryBean.cacheManager</field-name>
        </root>
      </roots>
    </dso>
  </application>
</con:tc-config>