<?xml version="1.0" encoding="UTF-8"?>
<!DOCTYPE log4j:configuration SYSTEM "log4j.dtd">
<!-- ===================================================================== -->
<!--                                                                       -->
<!--  Log4j Configuration                                                  -->
<!--  Please refer to jboss-log4j.xml for more examples                    -->
<!--                                                                       -->
<!-- ===================================================================== -->

<log4j:configuration xmlns:log4j="http://jakarta.apache.org/log4j/" debug="false">

    <!-- ============================== -->
    <!-- Append messages to the console -->
    <!-- ============================== -->

    <appender class="org.apache.log4j.ConsoleAppender" name="CONSOLE">
        <errorHandler class="org.apache.log4j.helpers.OnlyOnceErrorHandler"/>
        <param name="Target" value="System.out"/>
        <layout class="org.apache.log4j.PatternLayout">
            <param name="ConversionPattern" value="%d{ABSOLUTE} %-5p %m%n"/>
        </layout>
    </appender>

    <appender class="org.apache.log4j.FileAppender" name="FILE-ALL">
        <errorHandler class="org.apache.log4j.helpers.OnlyOnceErrorHandler"/>
        <param name="File" value="${user.dir}/EHCACHE-ISSUE/logs/all.log"/>
        <param name="Append" value="false"/>
        <layout class="org.apache.log4j.PatternLayout">
            <param name="ConversionPattern" value="%d %-5p %m%n"/>
        </layout>
    </appender>

    <appender class="org.apache.log4j.FileAppender" name="FILE-ISSUE">
        <errorHandler class="org.apache.log4j.helpers.OnlyOnceErrorHandler"/>
        <param name="File" value="${user.dir}/EHCACHE-ISSUE/logs/issue.log"/>
        <param name="Append" value="false"/>
        <layout class="org.apache.log4j.PatternLayout">
            <param name="ConversionPattern" value="%d %-5p %m%n"/>
        </layout>
    </appender>

    <category additivity="false" name="net.ihrytsyuk.issues.ehcache">
        <priority value="INFO"/>
        <appender-ref ref="CONSOLE"/>
        <appender-ref ref="FILE-ISSUE"/>
    </category>

    <!-- ======================= -->
    <!-- Setup the Root category -->
    <!-- ======================= -->
    <root>
        <priority value="ERROR"/>
        <appender-ref ref="FILE-ALL"/>
    </root>

</log4j:configuration>