<?xml version="1.0" encoding="UTF-8"?>
<tc:tc-config xmlns:tc="http://www.terracotta.org/config"
                         xmlns:xsi="http://www.w3.org/2001/XMLSchema-instance"
                         xsi:schemaLocation="http://www.terracotta.org/schema/terracotta-4.xsd">
  <servers>
    <server host="213.221.54.16">
      <dso-port>9510</dso-port>
    </server>

    <update-check>
       <enabled>true</enabled>
    </update-check>

  </servers>


 <!-- Check that the TIM shown in the <module> element's name attribute matches the JBoss Application Server version you
      are using. The TIM listed here, "tim-jboss-4.2" is for JBoss Application Server 4.2. For example, if you are using
      JBoss Application Server 4.0, edit the name to "tim-jboss-4.0".  -->
       
  <clients>

    <modules>
          <module name="tim-jboss-4.2" version="2.0.0-SNAPSHOT"/>
          <module name="tim-annotations" version="1.4.0-SNAPSHOT"/>
    </modules>

    <logs>../server/default/log</logs>

    <dso>
        <debugging>
            <instrumentation-logging>
                <locks>true</locks>
            </instrumentation-logging>
            <runtime-logging>
                <lock-debug>true</lock-debug>
                <wait-notify-debug>true</wait-notify-debug>
            </runtime-logging>
        </debugging>
    </dso>


  </clients>

 <!-- Using <web-application> elements, enter the context root of the web application being clustered.
      If you are clustering more than one web application, use one <web-application> element per application.
      Two example <web-application> elements are shown below. Edit or remove these elements as needed. 
      To set the value of the <web-application> element to the default web-application context, use the 
      special value "ROOT" (without quotation marks). -->

<application>
    <dso>


        <instrumented-classes>
          <!-- Start by including all classes for instrumentation.
          It's more efficient to instrument only those classes that
          hold shared roots or are part of a shared root's graph -->

        </instrumented-classes>


        <web-applications>
            <web-application>SharedTimer</web-application>
        </web-applications>
    </dso>
</application>

</tc:tc-config>