<?xml version="1.0" encoding="UTF-8"?>

<ehcache xmlns:xsi="http://www.w3.org/2001/XMLSchema-instance"
	xsi:noNamespaceSchemaLocation="ehcache.xsd" updateCheck="true"
	monitoring="autodetect" dynamicConfig="true" maxBytesLocalHeap="20m">

	<terracottaConfig url="localhost:9510"
		rejoin="false" />

	<cache name="testCache" maxEntriesInCache="1000000" timeToLiveSeconds="86400">
		<terracotta>
			<nonstop immediateTimeout="true">
				<timeoutBehavior type="noop" />
			</nonstop>
		</terracotta>
	</cache>

</ehcache>
