<?xml version="1.0" encoding="UTF-8"?>
 
<ehcache xmlns:xsi="http://www.w3.org/2001/XMLSchema-instance"
         xsi:noNamespaceSchemaLocation="ehcache.xsd"
         updateCheck="false" monitoring="on"
         dynamicConfig="true">
 
    <diskStore path="java.io.tmpdir"/>
    
    

    <transactionManagerLookup class="net.sf.ehcache.transaction.manager.DefaultTransactionManagerLookup"
                              properties="jndiName=java:/TransactionManager" propertySeparator=":"/>
 
 
    <cacheManagerEventListenerFactory class="" properties=""/>
 
 
    <cacheManagerPeerProviderFactory
            class="net.sf.ehcache.distribution.RMICacheManagerPeerProviderFactory"
            properties="peerDiscovery=automatic,
                        multicastGroupAddress=230.0.0.123,
                        multicastGroupPort=38301, timeToLive=32"
            propertySeparator=","
            />
 
    <cacheManagerPeerListenerFactory
            class="net.sf.ehcache.distribution.RMICacheManagerPeerListenerFactory"/>

     
    <!--
    Mandatory Default Cache configuration. These settings will be applied to caches
    created programmtically using CacheManager.add(String cacheName).

    The defaultCache has an implicit name "default" which is a reserved cache name.
    -->
	<defaultCache
		maxElementsInMemory="100"
		eternal="false"
		timeToIdleSeconds="120"
		timeToLiveSeconds="120"
		overflowToDisk="true"
		diskSpoolBufferSizeMB="30"
		maxElementsOnDisk="100"
		diskPersistent="false"
		diskExpiryThreadIntervalSeconds="7200"
		memoryStoreEvictionPolicy="LRU"
		/>

	<!-- cache configuration: sessions strings cache -->
    <cache  name="OURAPPLICATION-sessions-cache"
            maxElementsInMemory="1000"
			eternal="false"
            timeToLiveSeconds="120"
            overflowToDisk="true"
            diskSpoolBufferSizeMB="2"
            maxElementsOnDisk="1000"
            diskPersistent="false"
            memoryStoreEvictionPolicy="LRU">
			<cacheEventListenerFactory
                class="net.sf.ehcache.distribution.RMICacheReplicatorFactory"
				properties="replicateAsynchronously=false,
							replicatePuts=true,replicateUpdates=true,replicateRemovals=true"/>
			<bootstrapCacheLoaderFactory
                class="net.sf.ehcache.distribution.RMIBootstrapCacheLoaderFactory"/>
	</cache>
	<!-- cache configuration: resource strings cache -->
    <cache  name="OURAPPLICATION-resources-cache"
            maxElementsInMemory="600"
			eternal="true"
            diskPersistent="false" overflowToDisk="false">
			<cacheEventListenerFactory
                class="net.sf.ehcache.distribution.RMICacheReplicatorFactory"
				properties="replicateAsynchronously=false, 
							replicatePuts=true,replicateUpdates=true,replicateRemovals=true"/>
			<bootstrapCacheLoaderFactory
                class="net.sf.ehcache.distribution.RMIBootstrapCacheLoaderFactory"/> 
	</cache>
	<!-- cache configuration: alfresco content cache -->
	<!-- 345600 ttl = 4 days for caching, to go over weekend plus public holidays -->
    <cache  name="OURAPPLICATION-content-cache"
            maxElementsInMemory="9000"
			eternal="false"
            timeToLiveSeconds="345600" 
            overflowToDisk="true"
            diskSpoolBufferSizeMB="16"
            maxElementsOnDisk="1000"
            diskPersistent="false"
            diskExpiryThreadIntervalSeconds="360"
            memoryStoreEvictionPolicy="LRU">
			<cacheEventListenerFactory
                class="net.sf.ehcache.distribution.RMICacheReplicatorFactory"
				properties="replicateAsynchronously=true,
							replicatePuts=true,replicateUpdates=true,replicateRemovals=true,
							asynchronousReplicationIntervalMillis=50"/>
			<bootstrapCacheLoaderFactory
                class="net.sf.ehcache.distribution.RMIBootstrapCacheLoaderFactory"/>
	</cache>
	
	<!-- cache configuration: html page cache -->
	<!-- 259200 ttl = 3 days for caching, to prolong frequently used pages -->
    <cache  name="OURAPPLICATION-page-cache"
            maxElementsInMemory="4000"
			eternal="false"
            timeToLiveSeconds="259200"
            overflowToDisk="true"
            diskSpoolBufferSizeMB="16"
            maxElementsOnDisk="4000"
            diskPersistent="true"
            diskExpiryThreadIntervalSeconds="120"
            memoryStoreEvictionPolicy="LRU">
			<cacheEventListenerFactory
                class="net.sf.ehcache.distribution.RMICacheReplicatorFactory"
				properties="replicateAsynchronously=true,
							replicatePuts=true,replicateUpdates=true,replicateRemovals=true,
							asynchronousReplicationIntervalMillis=100"/>
			<bootstrapCacheLoaderFactory
                class="net.sf.ehcache.distribution.RMIBootstrapCacheLoaderFactory"/>
	</cache>

	<!-- HMAC cache configuration -->
    <cache  name="OURAPPLICATION-hmac-cache"
            maxElementsInMemory="120000"
			eternal="false"
			timeToIdleSeconds="43200" 
            timeToLiveSeconds="604800"
            overflowToDisk="false"
            memoryStoreEvictionPolicy="LRU">
			<cacheEventListenerFactory
                class="net.sf.ehcache.distribution.RMICacheReplicatorFactory"
				properties="replicateAsynchronously=true,
							replicatePuts=true,replicateUpdates=true,replicateRemovals=true,
							asynchronousReplicationIntervalMillis=1500"/>
			<bootstrapCacheLoaderFactory
                class="net.sf.ehcache.distribution.RMIBootstrapCacheLoaderFactory"/>
	</cache>
    <!-- HMAC cache configuration -->
    <cache  name="OURAPPLICATION-hmac-salts-cache"
            maxElementsInMemory="12000"
			eternal="false"
            timeToLiveSeconds="345600"
            overflowToDisk="false"
            memoryStoreEvictionPolicy="LRU">
			<cacheEventListenerFactory
                class="net.sf.ehcache.distribution.RMICacheReplicatorFactory"
				properties="replicateAsynchronously=true,
							replicatePutsViaCopy=true, 
							replicateUpdatesViaCopy=true, 
							replicateRemovals=true,
							asynchronousReplicationIntervalMillis=3000"/>
			<bootstrapCacheLoaderFactory
                class="net.sf.ehcache.distribution.RMIBootstrapCacheLoaderFactory"/>
	</cache>
		<!-- general properties cache -->
    <cache  name="OURAPPLICATION-genprops-cache"
            maxElementsInMemory="10"
			eternal="true" overflowToDisk="false">
			<cacheEventListenerFactory
                class="net.sf.ehcache.distribution.RMICacheReplicatorFactory"
				properties="replicateAsynchronously=false,
							replicatePuts=true,replicateUpdates=true,replicateRemovals=true
							"/>
			<bootstrapCacheLoaderFactory
                class="net.sf.ehcache.distribution.RMIBootstrapCacheLoaderFactory"/>
	</cache>
	
	<!-- cache configuration: alfresco content cache -->
	<!-- 345600 ttl = 4 days for caching, to go over weekend plus public holidays -->
    <cache  name="OURAPPLICATION-home-cache"
            maxElementsInMemory="200"
			eternal="false"
            timeToLiveSeconds="345600" 
            overflowToDisk="false">
			<cacheEventListenerFactory
                class="net.sf.ehcache.distribution.RMICacheReplicatorFactory"
				properties="replicateAsynchronously=true,
							replicatePuts=true,replicateUpdates=true,replicateRemovals=true,
							asynchronousReplicationIntervalMillis=150"/>
			<bootstrapCacheLoaderFactory
                class="net.sf.ehcache.distribution.RMIBootstrapCacheLoaderFactory"/>
	</cache>
</ehcache>
