<?xml version="1.0" encoding="UTF-8"?>
<tc:tc-config xsi:schemaLocation="http://www.terracotta.org/schema/terracotta-4.xsd" xmlns:tc="http://www.terracotta.org/config" xmlns:xsi="http://www.w3.org/2001/XMLSchema-instance">

 <servers>

     <server host="localhost">
       <dso-port>9510</dso-port>
     </server>
       
    <update-check>
       <enabled>false</enabled>
    </update-check>

 </servers>
 
  <clients>
    <modules>
      <module name="tim-distributed-cache" version="1.2.0-SNAPSHOT"/>
    </modules>
    <dso>
      <debugging>
        <instrumentation-logging>
          <class>true</class>
          <roots>true</roots> 
        </instrumentation-logging>
        <runtime-logging>
          <new-object-debug>true</new-object-debug>
          <named-loader-debug>true</named-loader-debug>
        </runtime-logging> 
        <runtime-output-options>
          <full-stack>true</full-stack>
        </runtime-output-options>
      </debugging>
    </dso>
  </clients>
  <application>
    <dso>
      <roots>
        <root>
          <field-name>dcachetest.Util.sharedCache</field-name>
        </root>
      </roots>
    </dso>
  </application>
</tc:tc-config>
