<?xml version="1.0" encoding="UTF-8"?>
<!--
  ~ Copyright (c) 2006 Home Box Office, Inc. as an unpublished work.
  ~ Neither this material nor any portion hereof may be copied or distributed without the
  ~ express written consent of Home Box Office, Inc.
  ~
  ~  This material also contains proprietary and confidential information of Home Box Office, Inc.
  ~ and its suppliers, and may not be used by or disclosed to any person, in whole or in part,
  ~ without the prior written consent of Home Box Office, Inc.
  -->

<!DOCTYPE beans PUBLIC "-//SPRING//DTD BEAN//EN" "http://www.springframework.org/dtd/spring-beans.dtd">

<beans>
    <import resource="spring-config.xml"/>

    <bean name="/springincluder"
          class="com.servicecache.spring.controller.IncludeController">

    </bean>

    <bean id="viewResolver" class="org.springframework.web.servlet.view.InternalResourceViewResolver">

        <property name="prefix"><value>/WEB-INF/microsite/</value></property>
        <property name="suffix"><value>.jsp</value></property>
    
    </bean>

    
</beans>