<?xml version="1.0" encoding="UTF-8"?>
<!--
  ~ Copyright (c) 2006 Home Box Office, Inc. as an unpublished work.
  ~ Neither this material nor any portion hereof may be copied or distributed without the
  ~ express written consent of Home Box Office, Inc.
  ~
  ~  This material also contains proprietary and confidential information of Home Box Office, Inc.
  ~ and its suppliers, and may not be used by or disclosed to any person, in whole or in part,
  ~ without the prior written consent of Home Box Office, Inc.
  -->

<!DOCTYPE beans PUBLIC "-//SPRING//DTD BEAN//EN" "http://www.springframework.org/dtd/spring-beans.dtd">

<beans>
    <import resource="spring-config.xml"/>

    <bean name="/velocityreader"
          class="com.servicecache.spring.controller.MicrositeReaderController">

    </bean>

    <!--
  This bean sets up the Velocity environment for us based on a root path for templates.
  Optionally, a properties file can be specified for more control over the Velocity
  environment, but the defaults are pretty sane for file based template loading.
-->
<bean id="velocityConfig" class="org.springframework.web.servlet.view.velocity.VelocityConfigurer">
  <property name="resourceLoaderPath" value="/WEB-INF/velocity/"/>
</bean>

<!--

  View resolvers can also be configured with ResourceBundles or XML files. If you need
  different view resolving based on Locale, you have to use the resource bundle resolver.

-->
<bean id="viewResolver" class="org.springframework.web.servlet.view.velocity.VelocityViewResolver">
  <property name="cache" value="false"/>
  <property name="prefix" value=""/>
  <property name="suffix" value=".vm"/>

  <!-- if you want to use the Spring Velocity macros, set this property to true -->
  <property name="exposeSpringMacroHelpers" value="true"/>

</bean>

    
</beans>