<beans xmlns="http://www.springframework.org/schema/beans" xmlns:xsi="http://www.w3.org/2001/XMLSchema-instance" xmlns:p="http://www.springframework.org/schema/p"
    xmlns:aop="http://www.springframework.org/schema/aop" xmlns:context="http://www.springframework.org/schema/context" xmlns:jee="http://www.springframework.org/schema/jee"
    xmlns:tx="http://www.springframework.org/schema/tx" xmlns:task="http://www.springframework.org/schema/task" xmlns:jpa="http://www.springframework.org/schema/data/jpa"
    xsi:schemaLocation="
   http://www.springframework.org/schema/aop http://www.springframework.org/schema/aop/spring-aop-3.0.xsd
   http://www.springframework.org/schema/beans http://www.springframework.org/schema/beans/spring-beans-3.0.xsd
   http://www.springframework.org/schema/context http://www.springframework.org/schema/context/spring-context-3.0.xsd
   http://www.springframework.org/schema/jee http://www.springframework.org/schema/jee/spring-jee-3.0.xsd
   http://www.springframework.org/schema/tx http://www.springframework.org/schema/tx/spring-tx-3.0.xsd
   http://www.springframework.org/schema/task http://www.springframework.org/schema/task/spring-task-3.0.xsd
   http://www.springframework.org/schema/data/jpa http://www.springframework.org/schema/data/jpa/spring-jpa.xsd">

    <!-- Bitronix Transaction Manager embedded configuration -->
    <bean id="btmConfig" factory-method="getConfiguration" class="bitronix.tm.TransactionManagerServices">
        <property name="serverId" value="spring-btm" />
    </bean>

    <!-- create BTM transaction manager -->
    <bean id="BitronixTransactionManager" factory-method="getTransactionManager" class="bitronix.tm.TransactionManagerServices"
        depends-on="btmConfig" destroy-method="shutdown" />

    <!-- Spring JtaTransactionManager -->
    <bean id="transactionManager" class="org.springframework.transaction.jta.JtaTransactionManager">
        <property name="transactionManager" ref="BitronixTransactionManager" />
        <property name="userTransaction" ref="BitronixTransactionManager" />
    </bean>

    <bean id="echXABug" class="ECHXABug" />

    <tx:annotation-driven mode="proxy" />

</beans>
