<?xml version="1.0" encoding="UTF-8"?>
<con:tc-config xmlns:con="http://www.terracotta.org/config">
  <servers>
    <server host="%i" name="localhost">
      <dso-port>9510</dso-port>
      <jmx-port>9520</jmx-port>
      <data>target/terracotta/server-data</data>
      <logs>target/terracotta/server-logs</logs>
      <statistics>target/terracotta/cluster-statistics</statistics>
    </server>
    <update-check>
      <enabled>true</enabled>
    </update-check>
  </servers>
  <clients>
    <logs>target/terracotta/client-logs/%D</logs>
    <statistics>target/terracotta/client-statistics/%D</statistics>
    <modules>
      <module name="tim-ehcache-1.7"/>
    </modules>
  </clients>
</con:tc-config>