<?xml version="1.0" encoding="UTF-8"?>
<tc:tc-config xmlns:tc="http://www.terracotta.org/config">
  <servers>
    <!--Tell DSO where the Terracotta server can be found.-->
    <server host="localhost" name="TCEnumBugServer">
      <data>Z:\junk\logs\server-data</data>
      <logs>Z:\junk\logs\server-logs</logs>
    </server>
  </servers>
  <clients>
    <logs>Z:\junk\logs\client-logs</logs>
    <statistics>Z:\junk\logs\clients-statistics</statistics>
    <dso>
      <debugging>
        <runtime-logging>
          <non-portable-dump>false</non-portable-dump>
          <lock-debug>false</lock-debug>
          <wait-notify-debug>false</wait-notify-debug>
          <distributed-method-debug>false</distributed-method-debug>
          <new-object-debug>false</new-object-debug>
        </runtime-logging>
      </debugging>
    </dso>
  </clients>
  <application>
    <dso>
      <instrumented-classes>
        <include>
          <class-expression>com.terracotta.enumtest..*</class-expression>
        </include>
      </instrumented-classes>
      <locks>
        <autolock>
          <method-expression>* com.terracotta.enumtest.Cache.put(..)</method-expression>
          <lock-level>write</lock-level>
        </autolock>
        <autolock>
          <method-expression>* com.terracotta.enumtest.Cache.get(..)</method-expression>
          <lock-level>read</lock-level>
        </autolock>
        <autolock>
          <method-expression>* com.terracotta.enumtest.Cache.isEmpty(..)</method-expression>
          <lock-level>read</lock-level>
        </autolock>
      </locks>
      <roots>
        <root>
        <root>
          <field-name>com.terracotta.enumtest.EnumMapTest.CACHE</field-name>
        </root>
      </roots>
    </dso>
  </application>
</tc:tc-config>