<?xml version="1.0" encoding="UTF-8"?>
<!DOCTYPE log4j:configuration SYSTEM "log4j.dtd">
<!-- ===================================================================== -->
<!--                                                                       -->
<!--  Log4j Configuration                                                  -->
<!--  Please refer to jboss-log4j.xml for more examples                    -->
<!--                                                                       -->
<!-- ===================================================================== -->

<log4j:configuration xmlns:log4j="http://jakarta.apache.org/log4j/" debug="false">

    <!-- ============================== -->
    <!-- Append messages to the console -->
    <!-- ============================== -->

    <appender class="org.apache.log4j.ConsoleAppender" name="CONSOLE">
        <errorHandler class="org.apache.log4j.helpers.OnlyOnceErrorHandler"/>
        <param name="Target" value="System.out"/>
        <layout class="org.apache.log4j.PatternLayout">
            <!-- The default pattern: Date Priority [Category] Message\n -->
            <param name="ConversionPattern" value="%d{ABSOLUTE} %-5p [%c] %m%n"/>
        </layout>
    </appender>
    <appender class="org.apache.log4j.DailyRollingFileAppender" name="ALL_LOGS">
        <errorHandler class="org.apache.log4j.helpers.OnlyOnceErrorHandler"/>
        <param name="File" value="${user.dir}/ehcache-test-OUT/cache-test-all.log"/>
        <param name="Append" value="false"/>
        <param name="DatePattern" value="'.'yyyy-MM-dd"/>
        <layout class="org.apache.log4j.PatternLayout">
            <param name="ConversionPattern" value="%d %-5p [%t] [%c] %m%n"/>
        </layout>
    </appender>
    <appender class="org.apache.log4j.DailyRollingFileAppender" name="ERROR_LOGS">
        <errorHandler class="org.apache.log4j.helpers.OnlyOnceErrorHandler"/>
        <param name="File" value="${user.dir}/ehcache-test-OUT/cache-test-error.log"/>
        <param name="Append" value="false"/>
        <param name="DatePattern" value="'.'yyyy-MM-dd"/>
        <layout class="org.apache.log4j.PatternLayout">
            <param name="ConversionPattern" value="%d %-5p [%t] [%c] %m%n"/>
        </layout>
    </appender>

    <category additivity="false" name="test.ehcache">
        <priority value="ALL"/>
        <appender-ref ref="ALL_LOGS"/>
    </category>

    <category additivity="false" name="ErrorSimpleCacheTestRunner">
        <priority value="INFO"/>
        <appender-ref ref="CONSOLE"/>
        <appender-ref ref="ERROR_LOGS"/>
    </category>

     <category additivity="false" name="net.sf.ehcache">
        <priority value="ERROR"/>
        <appender-ref ref="CONSOLE"/>
        <appender-ref ref="ERROR_LOGS"/>
    </category>

    <!-- ======================= -->
    <!-- Setup the Root category -->
    <!-- ======================= -->
    <root>
        <priority value="ERROR"/>
        <appender-ref ref="CONSOLE"/>
    </root>

</log4j:configuration>