<?xml version="1.0" encoding="UTF-8"?>

<ehcache xmlns:xsi="http://www.w3.org/2001/XMLSchema-instance"
         xsi:noNamespaceSchemaLocation="ehcache.xsd"
         updateCheck="true" monitoring="on"
         dynamicConfig="true"
         maxBytesLocalHeap="1024M">

    <terracottaConfig url="localhost:9510" rejoin="true" />

	<cache name="categoryTree" maxElementsOnDisk="50"
		timeToLiveSeconds="604800">
		<terracotta>
			<nonstop immediateTimeout="true">
				<timeoutBehavior type="noop" />
			</nonstop>
		</terracotta>
	</cache>
	
</ehcache>
