<?xml version="1.0"?>

<!--
Note: This XML document is an example Coherence Cache Configuration deployment
descriptor that should be customized (or replaced) for your particular caching
requirements. The cache mappings and schemes declared in this descriptor are
strictly for demonstration purposes and are not required.

For detailed information on each of the elements that can be used in this
descriptor please see the Coherence Cache Configuration deployment descriptor
guide included in the Coherence distribution or the "Cache Configuration
Elements" page on the Coherence Wiki (http://wiki.tangosol.com).
-->

<!DOCTYPE cache-config SYSTEM "cache-config.dtd">

<cache-config>
  <caching-scheme-mapping>

    <cache-mapping>
      <cache-name>*</cache-name>
      <scheme-name>Data-Objects</scheme-name>
    </cache-mapping>
  </caching-scheme-mapping>

  <caching-schemes>
    <!--
    Distributed caching scheme.
    -->
    <distributed-scheme>
      <scheme-name>Data-Objects</scheme-name>
      <service-name>DistributedCache</service-name>

      <!-- To use POF serialization for this partitioned service,
           uncomment the following section -->
      <!--
      <serializer>
        <class-name>com.tangosol.io.pof.ConfigurablePofContext</class-name>
      </serializer>
      -->

      <backing-map-scheme>
        <local-scheme>
          <scheme-ref>example-object-backing-map</scheme-ref>
        </local-scheme>
      </backing-map-scheme>

      <autostart>true</autostart>
    </distributed-scheme>

    <!--
    Backing map scheme definition used by all the caches that do
    not require any eviction policies
    -->
    <local-scheme>
      <scheme-name>unlimited-backing-map</scheme-name>
    </local-scheme>

      <!--
     A scheme used by backing maps that may store data in object format and
     employ size limitation and/or expiry eviction policies.
    -->
    <local-scheme>
      <scheme-name>example-object-backing-map</scheme-name>

      <eviction-policy>HYBRID</eviction-policy>
      <high-units>{back-size-limit 0}</high-units>
      <expiry-delay>{back-expiry 10m}</expiry-delay>
      <flush-delay>1m</flush-delay>

      <cachestore-scheme></cachestore-scheme>
    </local-scheme>

  </caching-schemes>
</cache-config>