<?xml version="1.0" encoding="UTF-8"?>
<tc:tc-config xmlns:tc="http://www.terracotta.org/config"
              xmlns:xsi="http://www.w3.org/2001/XMLSchema-instance"
              xsi:schemaLocation="http://www.terracotta.org/schema/terracotta-4.xsd">
  <!-- Server is colocated with client and DSO is listening on
       default port (9510). -->
    <servers>
    <server host="%i" name="sample"/>
    <update-check>
      <enabled>true</enabled>
    </update-check>
  </servers>

    <!-- Tell DSO where to put the generated client logs.
   See the Terracotta Configuration Guide and Reference for additional
   information. -->
    <clients>
    <logs>logs/terra/%D</logs>
    <statistics>stats/terra/%D</statistics>
  </clients>

  <application>
    <dso>
      <!-- Our app requires these custom objects/classes to be shared - the following declarations
           tells DSO which ones they are. When the app runs under DSO, instances of these classes
           will broadcast changes in their state.

           A good idiom when writing an app that you intend to cluster via TC DSO, is to group the
           classes you wish to share under a single package (although if you follow the MVC pattern
           this tends to happen naturally) - this way the list of classes you wish to instrument
           can be concise
       -->
        <instrumented-classes>
            <include>
                <class-expression>com.accenture.grids.al.Sequencer</class-expression>
            </include>
            <include>
                <class-expression>com.accenture.grids.terra.TerraSequencer</class-expression>
            </include>
            <include>
                <class-expression>com.accenture.grids.chr.ChrSequencer</class-expression>
            </include>
            <include>
                <class-expression>com.accenture.grids.monitor.MtrSequencer</class-expression>
            </include>
            <include>
                <class-expression>com.accenture.grids.terra.TerraSequencer$RequestRunner</class-expression>
            </include>
            <include>
                <class-expression>com.accenture.grids.terra.TerraSequencer$Request</class-expression>
            </include>
            <include>
                <class-expression>com.accenture.grids.terra.TerraDataObject</class-expression>
            </include>
            <include>
                <class-expression>com.accenture.grids.al.DataObject</class-expression>
            </include>
            <include>
                <class-expression>com.accenture.grids.al.Stats</class-expression>
                <honor-transient>true</honor-transient>
            </include>
            <include>
                <class-expression>com.accenture.grids.al.Stats$Record</class-expression>
            </include>
            <include>
                <class-expression>com.accenture.grids.al.RunParameters</class-expression>
            </include>
            <include>
               <class-expression>com.accenture.grids.terra.TerraEventContext</class-expression>
            </include>
      </instrumented-classes>

        <!-- These methods (originating from local objects) operates on objects declared as shared. This
      section tells DSO to assume a lock on those objects for the duration of the call; essentially this
      section declares that all methods found for all classes found for all packages should assume the
      behavior described -->
        <locks>
            <autolock>
              <method-expression>* com.accenture.grids.terra.TerraSequencer$RequestRunner.run(..)</method-expression>
                <lock-level>write</lock-level>
            </autolock>
            <autolock>
              <method-expression>* com.accenture.grids.al.Sequencer.reserveJvmIndex(..)</method-expression>
                <lock-level>write</lock-level>
            </autolock>
            <autolock>
              <method-expression>* com.accenture.grids.terra.TerraSequencer.run(..)</method-expression>
                <lock-level>write</lock-level>
            </autolock>
            <autolock>
              <method-expression>* com.accenture.grids.terra.TerraSequencer.sendReply(..)</method-expression>
                <lock-level>write</lock-level>
            </autolock>
            <autolock>
              <method-expression>* com.accenture.grids.terra.TerraSequencer.sendAndWait(..)</method-expression>
                <lock-level>write</lock-level>
            </autolock>
            <autolock>
              <method-expression>* com.accenture.grids.terra.TerraSequencer.lockAndGet(..)</method-expression>
                <lock-level>write</lock-level>
            </autolock>
            <autolock>
              <method-expression>* com.accenture.grids.terra.TerraSequencer.lock(..)</method-expression>
                <lock-level>write</lock-level>
            </autolock>
            <autolock>
              <method-expression>* com.accenture.grids.terra.TerraSequencer.unlock(..)</method-expression>
                <lock-level>write</lock-level>
            </autolock>
            <autolock>
              <method-expression>* com.accenture.grids.terra.TerraSequencer.updateAndUnlock(..)</method-expression>
                <lock-level>write</lock-level>
            </autolock>
            <autolock>
              <method-expression>* com.accenture.grids.terra.TerraSequencer$Request.setup(..)</method-expression>
                <lock-level>write</lock-level>
            </autolock>
            <autolock>
              <method-expression>* com.accenture.grids.terra.TerraSequencer$Request.isCompleted(..)</method-expression>
                <lock-level>read</lock-level>
            </autolock>
            <autolock>
              <method-expression>* com.accenture.grids.terra.TerraSequencer$Request.setCompleted(..)</method-expression>
                <lock-level>write</lock-level>
            </autolock>
            <autolock>
              <method-expression>* com.accenture.grids.terra.TerraSequencer$Request.getRequestId(..)</method-expression>
                <lock-level>read</lock-level>
            </autolock>
            <autolock>
              <method-expression>* com.accenture.grids.terra.TerraSequencer$Request.getObjectId(..)</method-expression>
                <lock-level>read</lock-level>
            </autolock>
            <autolock>
              <method-expression>* com.accenture.grids.terra.TerraSequencer$Request.getDataObject(..)</method-expression>
                <lock-level>read</lock-level>
            </autolock>
            <autolock>
              <method-expression>* com.accenture.grids.terra.TerraSequencer$Request.setDataObject(..)</method-expression>
                <lock-level>write</lock-level>
            </autolock>
            <autolock>
              <method-expression>* com.accenture.grids.terra.TerraSequencer.delete(..)</method-expression>
                <lock-level>write</lock-level>
            </autolock>
            <autolock>
               <method-expression>* com.accenture.grids.al.Sequencer.__INIT__(..)</method-expression>
               <lock-level>write</lock-level>
            </autolock>
            <autolock>
               <method-expression>* com.accenture.grids.al.RunParameters.__INIT__(..)</method-expression>
               <lock-level>write</lock-level>
            </autolock>
            <autolock>
               <method-expression>* com.accenture.grids.terra.TerraSequencer.__INIT__(..)</method-expression>
               <lock-level>write</lock-level>
            </autolock>
            <autolock>
               <method-expression>* com.accenture.grids.chr.ChrSequencer.__INIT__(..)</method-expression>
               <lock-level>write</lock-level>
            </autolock>
            <autolock>
               <method-expression>* com.accenture.grids.terra.TerraSequencer.getMapForId(..)</method-expression>
               <lock-level>read</lock-level>
            </autolock>
            <autolock>
               <method-expression>* com.accenture.grids.terra.TerraEventContext.processEvent(..)</method-expression>
               <lock-level>write</lock-level>
            </autolock>
            <autolock>
               <method-expression>* com.accenture.grids.al.RunParameters.set*(..)</method-expression>
               <lock-level>write</lock-level>
            </autolock>
            <autolock>
               <method-expression>* com.accenture.grids.al.RunParameters.get*(..)</method-expression>
               <lock-level>read</lock-level>
            </autolock>
            <autolock>
               <method-expression>* com.accenture.grids.al.Stats.__INIT__(..)</method-expression>
               <lock-level>write</lock-level>
            </autolock>
            <autolock>
               <method-expression>* com.accenture.grids.al.Stats.addRecord(..)</method-expression>
               <lock-level>write</lock-level>
            </autolock>
            <autolock>
               <method-expression>* com.accenture.grids.al.Stats.getRecords(..)</method-expression>
               <lock-level>read</lock-level>
            </autolock>
            <autolock>
               <method-expression>* com.accenture.grids.al.Stats.getLastRecord(..)</method-expression>
               <lock-level>read</lock-level>
            </autolock>
      </locks>

      <distributed-methods>
        <method-expression run-on-all-nodes="false">
          void com.accenture.grids.al.Stats.newData(int)
        </method-expression>
      </distributed-methods>

        <!-- We declare the following fields a root, making it
available for all instances of our app that runs via DSO -->
        <roots>
            <root>
                <field-name>com.accenture.grids.al.Sequencer.barrier</field-name>
            </root>
            <root>
                <field-name>com.accenture.grids.al.Sequencer.reservationSet</field-name>
            </root>
            <root>
                <field-name>com.accenture.grids.al.Sequencer.runParameters</field-name>
            </root>
            <root>
                <field-name>com.accenture.grids.al.Stats.instance</field-name>
            </root>
            <root>
                <field-name>com.accenture.grids.terra.TerraSequencer.inputQueues</field-name>
            </root>
            <root>
                <field-name>com.accenture.grids.terra.TerraSequencer.requests</field-name>
            </root>
      </roots>
    </dso>
  </application>
</tc:tc-config>
