<?xml version="1.0" encoding="UTF-8"?>
<!--All content copyright (c) 2003-2008 Terracotta, Inc.,
  except as may otherwise be noted in a separate copyright notice.
  All rights reserved-->
<tc:tc-config xsi:schemaLocation="http://www.terracotta.org/config ..\..\..\common\src.resources\com\tc\config\schema\terracotta-4.xsd" xmlns:tc="http://www.terracotta.org/config" xmlns:xsi="http://www.w3.org/2001/XMLSchema-instance">
  <system>
    <configuration-model>development</configuration-model>
  </system>
  <clients>
    <logs>terracotta/client-logs</logs>
    <dso>
      <debugging>
        <runtime-logging>
          <non-portable-dump>true</non-portable-dump>
        </runtime-logging>
      </debugging>
    </dso>
    <modules>
      <module name="tim-tomcat-5.5" group-id="org.terracotta.modules" version="1.0.0-SNAPSHOT"/>
    </modules>
  </clients>
  <servers>
    <server name="localhost">
      <dso-port>23912</dso-port>
      <jmx-port>15772</jmx-port>
    </server>
  </servers>
  <application>
    <dso>
      <!--This test does not require any session sharing
      <web-applications>
      </web-applications>-->
      <app-groups>
        <app-group name="ab">
          <web-application>contexta</web-application>
          <web-application>contextb</web-application>
        </app-group>
      </app-groups>
      <instrumented-classes>
        <include>
          <class-expression>com.tctest.webapp.servlets.SharedCache</class-expression>
        </include>
        <include>
          <class-expression>com.tctest.externall1.DummyClass2</class-expression>
        </include>
        <include>
          <class-expression>com.tctest.externall1.StandardClasspathDummyClass</class-expression>
        </include>
      </instrumented-classes>
      <roots>
        <root>
          <field-name>com.tctest.webapp.servlets.SharedCache.objects</field-name>
          <root-name>objects</root-name>
        </root>
      </roots>
    </dso>
  </application>
</tc:tc-config>